Day,Meal,Meal Type,Dish,Ingredients list,Cooking Notes,,,,,,,,,,,,,,
,,,,,,Quantity / Amount,COOLERS,,DRY BOXES,,,,,condiments & supplies,pre-cooked?,what state to buy in? (AZ/CA),store,purchased,Buying Notes
,,,,,,,Frozen,Cold,veg,fruit,cans/ dry,bread,other,,,,,,
,,,,,,,,,,,,,,,,,,,
0,2L,PB&J Lunch,,peanut butter,,32 oz,,,,,x,,,,,,,,
0,2L,PB&J Lunch,,almond butter,,16 oz,,,,,x,,,,,,,,
0,2L,PB&J Lunch,,jam,,32 oz,,,,,,,,,,,,,
0,2L,PB&J Lunch,,bananas,,8,,x,,,,,,,,,,,
0,2L,PB&J Lunch,,sliced breads,,~60 slices,,,,,,x,,,,AZ,TJ's ?,,"variety: nutty, whole wheat, buttermilk, sourdough...etc"
0,2L,PB&J Lunch,,honey,,16 oz,,,,,,,,x,,,,,
0,2L,PB&J Lunch,,nutella,,1/4 of one large (53 oz) jar,,,,,x,,,,,,,,
0,2L,PB&J Lunch,,oranges,,6,,,x,,,,,,,AZ,,,
0,2L,PB&J Lunch,,apples,,6,,,x,,,,,,,AZ,,,
0,2L,PB&J Lunch,,tortilla chips,,2 bags,,,,,,,x,,,AZ,,,
0,2L,PB&J Lunch,,yummy salsa,,2 jars,,,,,x,,,,,CA,TJ's/whofo,,
0,2L,PB&J Lunch,,pickles,,1/2 jar,,x,,,,,,,,CA,,,
0,2L,PB&J Lunch,,box of cookies,,1,,,,,,,x,,,AZ,TJ's,,
,,,,,,,,,,,,,,,,,,,
0,3D,,Empress Noodles,frozen udon noodles (from ranch 99),,11 packages,x,,,,,,,,,CA,Ranch 99,,
0,3D,,Empress Noodles,summer squash/zucchini,,3 large OR 4 small,,x,,,,,,,,AZ,,,
0,3D,,Empress Noodles,red onion ,,3,,x,,,,,,,,CA,costco/TJ's,,
0,3D,,Empress Noodles,green beans,,large handful,,x,,,,,,,,AZ,,,
0,3D,,Empress Noodles,chili flakes,,small amount,,,,,,,,x,,CA,box,,
0,3D,,Empress Noodles,green onion,,3 stalks,,x,,,,,,,,AZ,,,
0,3D,,Empress Noodles,shitake mushrooms,,~3 cups,,x,,,,,,,,AZ,,,
0,3D,,Empress Noodles,empress sauce,,5-6 cups,,x,,,,,,,x,CA,make at box,,
0,3D,,Empress Noodles,broccoli,,1 head,,x,,,,,,,,AZ,,,
0,3D,,Empress Noodles,red bell pepper,,2,,x,,,,,,,,AZ,,,
0,3D,,Dessert,tj cookies,,1 box,,,,,x,,,,,CA,TJ's,,
0,3D,,Egg Salad (Day 1 Lunch),"eggs (whole eggs, not boxed) ",,2 dozen,,x,,,,,,,,AZ,TJ's,,hard boil on night 0 and make into egg salad for day 1's lunch
0,3D,,Egg Salad (Day 1 Lunch),mayonnaise ,,1 jar (~15 oz?),,x,,,,,,,,CA,TJ's,,
0,3D,,Egg Salad (Day 1 Lunch),celery ,,4 sticks,,x,,,,,,,,AZ,,,
0,3D,,Egg Salad (Day 1 Lunch),dijon mustard,,tablespoon,,x,,,,,,x,,CA,TJ's,,
0,3D,,Egg Salad (Day 1 Lunch),salt ,,to taste,,,,,,,,x,,CA,box,,
0,3D,,Egg Salad (Day 1 Lunch),ground pepper ,,to taste,,,,,,,,x,,CA,TJ's,,"buy a little disposable pepper grinder, perhaps"
0,3D,,Egg Salad (Day 1 Lunch),paprika,,to taste,,,,,,,,x,,CA,box,,
0,3D,,Egg Salad (Day 1 Lunch),firm tofu,,4 packages,,x,,,,,,,,AZ,,,
,,,,,,,,,,,,,,,,,,,
1,1B,Fast: Bagels,,bagels,,18,,,,,,x,,,,,,,
1,1B,Fast: Bagels,,whole wheat english muffins,,12,,,,,,x,,,,,,,
1,1B,Fast: Bagels,,peanut butter,,12 oz ,,,,,,,,x,,CA,costco,,
1,1B,Fast: Bagels,,nutella,,12 oz,,,,,,,,x,,CA,,,
1,1B,Fast: Bagels,,honey,,5 oz,,,,,,,,x,,CA,costco,,
1,1B,Fast: Bagels,,cream cheese,,500g,,x,,,,,,,,,,,
1,1B,Fast: Bagels,,jam,,8 oz,,,,,,,,x,,CA,,,
1,1B,Fast: Bagels,,vanilla sweetened soy milk,,1 qt,,,,,x,,,,,CA,costco,,
1,1B,Fast: Bagels,,"milk, dried  ",,1 qt dry,,,,,,,,x,,CA,,,
1,1B,Fast: Bagels,,nuts almonds,,1/2  lb,,,,,,,x,,,CA,costco,,
1,1B,Fast: Bagels,,bananas,,12,,,,x,,,,,,AZ,,,
1,1B,Fast: Bagels,,coffee,,1/4 lb,,,,,x,,,,,CA,costco,,
1,1B,Fast: Bagels,,decaf coffee bag,,2 bags,,,,,x,,,,,CA,,,
1,1B,Fast: Bagels,,caffeinated tea,,4 bags,,,,,x,,,,,CA,,,
1,1B,Fast: Bagels,,herbal tea,,6 bags,,,,,x,,,,,CA,,,
1,1B,Fast: Bagels,,white sugar,,1/2 cup,,,,,,,,x,,CA,,,
,,,,,,,,,,,,,,,,,,,
1,2L,Deli Bar,,egg salad (made the night before),,2 dozen eggs worth,,x,,,,,,,cooked on night 0,,,,cooked on night 0 for day 1's lunch
1,2L,Deli Bar,,"variety of sliced breads (nutty, whole wheat, buttermilk, sourdough...etc)",,~40 slices,,,,,,x,,,,AZ,TJ's?,,
1,2L,Deli Bar,,tortillas,,16,,,,,,x,,,,AZ,,,
1,2L,Deli Bar,,red onion,,1 large,,,x,,,,,,,AZ,,,
1,2L,Deli Bar,,dill or sweet pickles ,,1/2 large jar,,x,,,,,,,,CA,,,
1,2L,Deli Bar,,pepperonchinis,,1 jar,,x,,,,,,,,CA,TJ's?,,
1,2L,Deli Bar,,fancy mustard,,1/2 jar,,x,,,,,,,,CA,,,
1,2L,Deli Bar,,tomatoes,,5 large,,x,,,,,,,,AZ,,,
1,2L,Deli Bar,,cheese (assortment),,16 oz,,x,,,,,,,,AZ,TJ's,,
1,2L,Deli Bar,,romaine lettuce,,1/2 head,,x,,,,,,,,AZ,,,
1,2L,Deli Bar,,mayonnaise,,1/5 jar,,x,,,,,,,,CA,TJ's,,
1,2L,Deli Bar,,peanut butter,,16 oz,,,,,x,,,,,CA,TJ's,,
1,2L,Deli Bar,,jam,,16 oz,,x,,,,,,,we could bring some home-made jam!,CA,,,
1,2L,Deli Bar,,oranges,,5,,,x,,,,,,,AZ,,,
1,2L,Deli Bar,,apples,,4,,,x,,,,,,,AZ,,,
1,2L,Deli Bar,,tortilla chips,,2 bags,,,,,,,x,,,AZ,TJ's,,
1,2L,Deli Bar,,yummy salsa,,2 jars,,,,,x,,,,,CA,TJ's/whofo,,
1,2L,Deli Bar,,tapatio,,endless :),,,,,,,,x,,CA,box?,,
1,2L,Deli Bar,,avocado,,5,,x,,,,,,,,AZ,,,
,,,,,,,,,,,,,,,,,,,
1,3D,,Burritos,black beans,soak during day in pressure cooker,6 cups dry,,,,,x,,,,,CA,,,
1,3D,,Burritos,onion,,3,,,x,,,,,,,CA,costco,,
1,3D,,Burritos,cumin * chili powder * garlic * salt ,,cond,,,,,,,,x,,CA,,,
1,3D,,Burritos,garlic cloves            ,,5,,,x,,,,,,,AZ,,,
1,3D,,Burritos,flour tortillas,,24,,,,,,x,,,,,,,
1,3D,,Burritos,tapatio,,cond,,,,,,,,x,,CA,,,
1,3D,,Burritos,white rice,,4 cups,,,,,x,,,,,CA,,,
1,3D,,Burritos,diced tomatoes,,3 cans,,,,,x,,,,,CA,,,
1,3D,,Burritos,canned green chilies and tomatoes,,2 small cans / 1 large can,,,,,x,,,,,CA,,,
1,3D,,Burritos,zucchini,,5 large / 6small,,x,,,,,,,,AZ,,,
1,3D,,Burritos,corn,,2 cans,,,,,x,,,,,CA,,,
1,3D,,Burritos,red bell pepper,,2,,x,,,,,,,,CA,,,
1,3D,,Burritos,cilantro,,1 bunch,,x,,,,,,,,AZ,,,
1,3D,,Burritos,tomatoes,,5,,,,x,,,,,,AZ,,,
1,3D,,Burritos,limes,,5,,,,x,,,,,,AZ,,,
1,3D,,Burritos,jalapenos,,2,,,x,,,,,,,AZ,,,
1,3D,,Burritos,peper jack cheese,,10 oz,,x,,,,,,,,,,,
1,3D,,Burritos,ground turkey (sustainably raised),,3 lbs,x,,,,,,,,,CA,whofo,,buy in california and freeze!!!!
1,3D,,Burritos,yogurt,,1/2 a container,,x,,,,,,,,AZ,,,
1,3D,,Burritos,mole concentrate,,1/2 jar,,,,,x,,,,,CA,baja ranch,x,ana's bringing
1,3D,,Pudding,bananas,,6,,,,x,,,,,,AZ,,,
1,3D,,Pudding,small tapioca pearls,,2 cups,,,,,x,,,,,CA,,,
1,3D,,Pudding,white sugar,,2 cups,,,,,,,,x,,CA,,,
1,3D,,Pudding,coconut milk,,3 cans,,,,,x,,,,,CA,,,
1,3D,,Pudding,shredded coconut,,2 cups,,,,,x,,,,,CA,,,
,,,,,,,,,,,,,,,,,,,
2,1B,Fast: Cereal,,banana bread,,2 Loaves,,,,,,x,,,x,CA,,,
2,1B,Fast: Cereal,,margarine,,4 oz,,x,,,,,,,,CA,costco,,
2,1B,Fast: Cereal,,peanut butter,,8 oz,,,,,,,,x,,CA,costco,,
2,1B,Fast: Cereal,,cereal,,15 cups,,,,,x,,,,,CA,costco,,
2,1B,Fast: Cereal,,granola,,5 cups,,,,,x,,,,x,CA,,,
2,1B,Fast: Cereal,,milk dried ,,2 qt dry,,,,,,,,x,,CA,,,
2,1B,Fast: Cereal,,sweetend vanilla almond milk,,1 qt,,,,,x,,,,,CA,costco,,
2,1B,Fast: Cereal,,plain rice milk,,1 qt,,,,,x,,,,,CA,,,
2,1B,Fast: Cereal,,"yogurt (whole or low fat, not nonfat)",,16 oz,,x,,,,,,,,AZ,,,
2,1B,Fast: Cereal,,craisins,,8 oz,,,,,x,,,,,CA,costco,,
2,1B,Fast: Cereal,,honeydew melon,,1 large/2small,,,,x,,,,,,AZ,,,
2,1B,Fast: Cereal,,coffee,,1/4 lb,,,,,x,,,,,CA,costco,,
2,1B,Fast: Cereal,,decaf coffee bag,,2 bags,,,,,x,,,,,CA,,,
2,1B,Fast: Cereal,,caffeinated tea,,4 bags,,,,,x,,,,,CA,,,
2,1B,Fast: Cereal,,herbal tea,,6 bags,,,,,x,,,,,CA,,,
2,1B,Fast: Cereal,,white sugar,,1/2 cup,,,,,,,,x,,CA,,,
,,,,,,,,,,,,,,,,,,,
2,2L,Deli Bar,,sliced breads,,40 slices,,,,,,x,,,,AZ,TJ's ?,,"variety: nutty, whole wheat, buttermilk, sourdough...etc"
2,2L,Deli Bar,,red onion,,1 large,,,x,,,,,,,AZ,,,
2,2L,Deli Bar,,dill or sweet pickles ,,1/2 large jar,,x,,,,,,,,CA,,,
2,2L,Deli Bar,,fancy mustard,,1/2 jar,,x,,,,,,,,CA,,,
2,2L,Deli Bar,,tomatoes,,4 large,,x,,,,,,,,AZ,,,
2,2L,Deli Bar,,cheese (assortment),,16 oz,,x,,,,,,,,AZ,TJ's,,
2,2L,Deli Bar,,romaine lettuce,,1/2 head,,x,,,,,,,,AZ,,,
2,2L,Deli Bar,,mayonaise,,1/5 jar,,x,,,,,,,,CA,TJ's,,
2,2L,Deli Bar,,peanut butter,,16 oz,,,,,x,,,,,CA,TJ's,,
2,2L,Deli Bar,,tortillas,,12,,,,,,x,,,,AZ,,,
2,2L,Deli Bar,,jam,,16 oz,,x,,,,,,,we could bring some home-made jam!,CA,,,
2,2L,Deli Bar,,oranges,,4,,,x,,,,,,,AZ,,,
2,2L,Deli Bar,,apples,,4,,,x,,,,,,,AZ,,,
2,2L,Deli Bar,,salt and vinegar potato chips (or something else delicious),,1 bag,,,,,,,x,,,AZ,TJ's/whofo,,
2,2L,Deli Bar,,terra sweet potato/root veggie chips,,1 bag,,,,,,,x,,,AZ,TJ's/whofo,,
2,2L,Deli Bar,,tapatio,,endless :),,,,,,,,x,,CA,box?,,
2,2L,Deli Bar,,avocado,,5,,x,,,,,,,,AZ,,,
2,2L,Deli Bar,,hummus,,1 large tub,,x,,,,,,,,AZ,TJ's,,
2,2L,Deli Bar,,cucumber,,1,,x,,,,,,,,,,,
2,2L,Deli Bar,,"sliced turkey lunchmeat (sustainably raised, if possible, please)",,2 packages,,x,,,,,,,,AZ,,,"Let's try to buy sustainably raised meat, please."
2,2L,Deli Bar,,"marinated, baked tofu ",,3 packages),,x,,,,,,,,AZ,TJ's/whofo,,(e.g. wildwood)
,,,,,,,,,,,,,,,,,,,
2,3D,,Pasta w/ Pesto,pasta,,5 lbs.,,,,,x,,,,,AZ,,,
2,3D,,Pasta w/ Pesto,fresh mozarella,,3 lbs.,,x,,,,,,,,CA,costco,,
2,3D,,Pasta w/ Pesto,cherry tomatoes,,4 pints,,x,,,,,,,,AZ,,,
2,3D,,Pasta w/ Pesto,pesto sauce,,24 oz.,x,,,,,,,,x,,,,
2,3D,,Veggie Saute,summer squash,,10 patty pans,,x,,,,,,,,AZ,,,
2,3D,,Veggie Saute,onion,,3 onion,,,,x,,,,,,CA,,,
2,3D,,Veggie Saute,oil,,,,,,,,,,,,,,,
2,3D,,Ceasar Salad,romaine lettuce,,4 heads,,x,,,,,,,,AZ,,,
2,3D,,Ceasar Salad,garlic croutons ,,32 oz. bag,,,,,x,,,,,CA,,,
2,3D,,Ceasar Salad,parmesan,,10 oz.,,x,,,,,,,,CA,,,
2,3D,,Ceasar Salad,cucumbers,,4,,,,,,,,,,AZ,,,
2,3D,,Ceasar Salad,ceasar salad dressing,,1 bottle (12 oz?),,,,,,,,x,,CA,,,
,,,,,,,,,,,,,,,,,,,
3,1B,Fast: Oatmeal,,oatmeal,,6 cups,,,,,x,,,,,CA,costco,,
3,1B,Fast: Oatmeal,,granola,,6 cups,,,,,x,,,,x,CA,,,
3,1B,Fast: Oatmeal,,cream of wheat,,2 cups,,,,,x,,,,,CA,,,
3,1B,Fast: Oatmeal,,vanilla unsweetend almond milk,,1 qt,,,,,x,,,,,CA,costco,,
3,1B,Fast: Oatmeal,,yogurt,,1 32 oz tub,,x,,,,,,,,AZ?,,,
3,1B,Fast: Oatmeal,,"milk, dried  ",,2 qts dry,,,,,,,,x,,CA,,,
3,1B,Fast: Oatmeal,,peanut butter,,10 oz,,,,,,,,x,,CA,costco,,
3,1B,Fast: Oatmeal,,nutella,,10 oz,,,,,,,,x,,CA,,,
3,1B,Fast: Oatmeal,,honey,,5 oz,,,,,,,,x,,CA,costco,,
3,1B,Fast: Oatmeal,,english muffins- whole wheat,,12,,,,,,x,,,,AZ,,,
3,1B,Fast: Oatmeal,,craisins,,1/2  lb,,,,x,,,,,,CA,costco,,
3,1B,Fast: Oatmeal,,oranges,,12,,,,x,,,,,,AZ,,,
3,1B,Fast: Oatmeal,,coffee,,1/4 lb,,,,,x,,,,,CA,costco,,
3,1B,Fast: Oatmeal,,decaf coffee bag,,2 bags,,,,,x,,,,,CA,,,
3,1B,Fast: Oatmeal,,caffeinated tea,,4 bags,,,,,x,,,,,CA,,,
3,1B,Fast: Oatmeal,,herbal tea,,6 bags,,,,,x,,,,,CA,,,
3,1B,Fast: Oatmeal,,brown sugar,,2 cups,,,,,,,,x,,CA,,,
3,1B,Fast: Oatmeal,,"cinnamon, nutmeg",,3 tablespoons,,,,,,,,x,,CA,,,
3,1B,Fast: Oatmeal,,white sugar,,1/2 cup,,,,,,,,x,,CA,,,
,,,,,,,,,,,,,,,,,,,
3,2L,PB&J,,peanut butter,,32 oz,,,,,x,,,,,,,,
3,2L,PB&J,,almond butter,,16 oz,,,,,x,,,,,,,,
3,2L,PB&J,,jam,,16 oz ,,,,,,,,,,,,,"I'm only putting 16 oz here (instead of 32 oz), because I think we'll have left over from previous days."
3,2L,PB&J,,bananas,,8,,x,,,,,,,,,,,
3,2L,PB&J,,sliced breads,,40 slices,,,,,,x,,,,,,,
3,2L,PB&J,,tortillas,,12,,,,,,x,,,,AZ,TJ's ?,,
3,2L,PB&J,,honey,,16 oz,,,,,,,,x,,,,,
3,2L,PB&J,,nutella,,13 oz,,,,,x,,,,,,,,
3,2L,PB&J,,oranges,,5,,,x,,,,,,,AZ,,,
3,2L,PB&J,,apples,,4,,,x,,,,,,,AZ,,,
3,2L,PB&J,,chips,,2,,,,,,,x,,,AZ,,,variety
,,,,,,,,,,,,,,,,,,,
3,3D,,Black Bean Soup,onion,,2,,,x,,,,,,,CA,costco,,
3,3D,,Black Bean Soup,garlic,,6 cloves,,,x,,,,,,,CA,,,
3,3D,,Black Bean Soup,cumin * chili powder * garlic * salt ,,cond,,,,,,,,x,,CA,,,
3,3D,,Black Bean Soup,black beans,soak during day in pressure cooker,6 cups dry,,,,,x,,,,,CA,,,
3,3D,,Black Bean Soup,zucchini,,4large/5small,,,x,,,,,,,AZ,,,
3,3D,,Black Bean Soup,green bell pepper,,3,,x,,,,,,,,AZ,,,
3,3D,,Black Bean Soup,diced tomaotes,,2 large cans,,,,,x,,,,,CA,,,
3,3D,,Black Bean Soup,cilantro,,1 bunch,,x,,,,,,,,AZ,,,
3,3D,,Black Bean Soup,pepper jack cheese,,12 oz,,x,,,,,,,,,,,
3,3D,,Black Bean Soup,jalapenos,,2,,,x,,,,,,,AZ,,,
3,3D,,Black Bean Soup,green chilies,,4,,,x,,,,,,,AZ,,,
3,3D,,Cornbread,cornbread mix,,2 boxes,,,,,x,,,,,CA,,,
3,3D,,Cornbread,egg replacer,,4 tablespoons,,,,,,,,x,,CA,,,
3,3D,,Cornbread,plain non-dairy-milk,,4 cups,,,,,,,x,,,CA,,,
3,3D,,Cornbread,vegtable oil,,2 cups,,,,,,,,x,,CA,costco,,
3,3D,,Cornbread,honey,,10 oz,,,,,,,,x,,CA,,,
,,,,,,,,,,,,,,,,,,,
4,1B,Slow,Egg Scramble,eggs,,36,,x,,,,,,,,AZ,,,
4,1B,Slow,Egg Scramble,cheddar cheese,,2 lb,,x,,,,,,,,AZ,,,
4,1B,Slow,Egg Scramble,tomatoes,,8,,x,x,,,,,,,AZ,,,
4,1B,Slow,Egg Scramble,red onion,,4,,,x,,,,,,,AZ,,,
4,1B,Slow,Egg Scramble,mushrooms or spinach (help decide which will keep longer?),,,,x,x,,,,,,,AZ,,,
4,1B,Slow,Egg Scramble,canola oil,,1/2 cup,,,,,,,,x,,CA,,,
4,1B,Slow,Egg Scramble,green bell peppers,,4,,,x,,,,,,,AZ,,,
4,1B,Slow,Potato Hash,green bell peppers,,4,,,x,,,,,,,AZ,,,
4,1B,Slow,Potato Hash,yellow onion,,4,,,x,,,,,,,AZ,,,
4,1B,Slow,Potato Hash,russet/yellow potatoes,,12 med-large,,,,,,,,,,AZ,,,
4,1B,Slow,Potato Hash,sweet potatoes,,4 medium,,,x,,,,,,,AZ,,,
4,1B,Slow,,ketchup,,16 oz,,,,,,,,x,,CA,,,
4,1B,Slow,,hot sauce,,16 oz,,,,,,,,x,,CA,,,
4,1B,Slow,,tortillas,,15,,,,,,x,,,,,,,
4,1B,Slow,,english muffins,,15,,,,,,x,,,,,,,
4,1B,Slow,,chicken apple sausages, take out the night before to thaw,16 (they're large),x,,,,,,,,,AZ,,,
4,1B,Slow,,dry milk,,,,,,,,,,x,,,,,
4,1B,Slow,,soy milk,,,,,,,,,,,,,,,
4,1B,Slow,,coffee,,1/2 lb,,,,,x,,,,,CA,costco,,
4,1B,Slow,,decaf coffee bag,,2 bags,,,,,x,,,,,CA,,,
4,1B,Slow,,caffeinated tea,,4 bags,,,,,x,,,,,CA,,,
4,1B,Slow,,herbal tea,,6 bags,,,,,x,,,,,CA,,,
4,1B,Slow,,white sugar,,1/2 cup,,,,,,,,x,,CA,,,
,,,,,,,,,,,,,,,,,,,
4,2L,Deli Lunch,Tuna Salad,tuna,,5 cans tuna,,,,,x,,,,,CA,whofo,,"There's reasonably priced, sustainably caught tuna in cans at whofo (Megan). We can gauge interest in tuna salad and only make as much as people are interested (e.g. leave some cans of tuna unopened) --- sustainably caught, please!"
4,2L,Deli Lunch,Tuna Salad,red onion,,1 large,,,x,,,,,,,AZ,,,
4,2L,Deli Lunch,Tuna Salad,mayonaise,,1/5 jar,,x,,,,,,,,CA,TJ's,,
4,2L,Deli Lunch,,sliced breads,,~40 slices,,,,,,x,,,,AZ,TJ's ?,,"variety: nutty, whole wheat, buttermilk, sourdough...etc"
4,2L,Deli Lunch,,tortillas,,16,,,,,,,,,,,,, (good kind aka. non-mission brand)
4,2L,Deli Lunch,,dill or sweet pickles ,,1/2 large jar,,x,,,,,,,,CA,,,
4,2L,Deli Lunch,,spicy mustard,,1/2 jar,,x,,,,,,,,CA,,,
4,2L,Deli Lunch,,tomatoes,,4 large,,x,,,,,,,,AZ,,,
4,2L,Deli Lunch,,cheese (assortment),,16 oz,,x,,,,,,,,AZ,TJ's,,
4,2L,Deli Lunch,,romaine lettuce,,1/2 head,,x,,,,,,,,AZ,,,
4,2L,Deli Lunch,,peanut butter,,16 oz,,,,,x,,,,,CA,TJ's,,
4,2L,Deli Lunch,,jam,,16 oz,,x,,,,,,,we could bring some home-made jam!,CA,,,
4,2L,Deli Lunch,,tortilla chips,,2 bags,,,,,,,x,,,AZ,TJ's,,
4,2L,Deli Lunch,,hummus,,1 large tub,,x,,,,,,,,AZ,TJ's,,
4,2L,Deli Lunch,,baby carrots, for dipping in hummus,1 bag,,x,,,,,,,,AZ,,,
4,2L,Deli Lunch,,yummy salsa,,2 jars,,,,,x,,,,,CA,TJ's/whofo,,
4,2L,Deli Lunch,,tapatio,,endless :),,,,,,,,x,,CA,box?,,
4,2L,Deli Lunch,,avocado,,5,,x,,,,,,,,AZ,,,
4,2L,Deli Lunch,,cucumber,,1,,x,,,,,,,,AZ,,,
4,2L,Deli Lunch,,"baked, marinated tofu",,2 packages,,x,,,,,,,,AZ,TJ's/whofo,, (e.g. wildwood)
,,,,,,,,,,,,,,,,,,,
4,3D,,Chlodnik,eggs,,12,x,,,,,,,,,,,,
4,3D,,Chlodnik,veggie stock (frozen with beet base),,32 oz,x,,,,,,,,,,,,
4,3D,,Chlodnik,cucumbers,,6 medium,,x,,,,,,,,,,,
4,3D,,Chlodnik,radishes,,2 bunches,,x,,,,,,,,,,,
4,3D,,Chlodnik,green onion,,2 bunches,,x,,,,,,,,,,,
4,3D,,Chlodnik,dill,,1 bunch,,x,,,,,,,,,,,
4,3D,,Chlodnik,eggs,,2 dozen ,,,,,,,,,,,,,
4,3D,,Chlodnik,buttermilk,,6 cups,,x,,,,,,,,,,,
4,3D,,Chlodnik,sour cream ,,1 cup,,x,,,,,,,,,,,
4,3D,,Chlodnik,yogurt (as dairy alternative),,1 cup,,x,,,,,,,,,,,
4,3D,,Mashed Potatoes,potatoes,,5 lbs,,,x,,,,,,,,,,
4,3D,,Mashed Potatoes,salt,,2 tsps.,,,,,,,x,,,,,,
4,3D,,Mashed Potatoes,buttermilk,,2 cups,,x,,,,,,,,,,,
4,3D,,Mashed Potatoes,milk,,1 cup,,,,,x,,,,,,,,
4,3D,,Mashed Potatoes,dill,,1 bunch,,x,,,,,,,,,,,
4,3D,,Dessert,"frozen, premade knedle ",(dumplings with plums),32,x,,,,,,,,,,,,
4,3D,,Dessert,butter,For melting on top,8 oz.,x,,,,,,,,,,,,
4,3D,,Dessert,sugar,,?,,,,,x,,,,,,,,
4,3D,,Dessert,cinnamon,,?,,,,,x,,,,,,,,
4,3D,,Dessert,sour cream,Optional - for topping,1 cup,,x,,,,,,,,,,,
,,,,,,,,,,,,,,,,,,,
5,1B,Fast: Bagels,,bagels,,18,,,,,,x,,,,AZ,,,
5,1B,Fast: Bagels,,white english muffins,,12,,,,,,x,,,,AZ,,,
5,1B,Fast: Bagels,,peanut butter,,12 oz,,,,,,,,x,,CA,costco,,
5,1B,Fast: Bagels,,speculous cookie butter,,10 oz,,,,,,,,x,,CA,TJ,,
5,1B,Fast: Bagels,,honey,,5 oz,,,,,,,,x,,CA,costco,,
5,1B,Fast: Bagels,,cream cheese,,750 g,,x,,,,,,,,AZ,,,
5,1B,Fast: Bagels,,smoked slamon,,2 packages,,x,,,,,,,,AZ,,,
5,1B,Fast: Bagels,,red onion,,1,,,x,,,,,,,AZ,,,
5,1B,Fast: Bagels,,cucumber,,2,,x,,,,,,,,AZ,,,
5,1B,Fast: Bagels,,capers,,16 oz,,,,,x,,,,,CA,costco,,refridgerate after opening
5,1B,Fast: Bagels,,jam,,10 oz,,,,,,,,x,,CA,costco,,
5,1B,Fast: Bagels,,vanilla sweetend soy milk,,1 qt,,,,,x,,,,,CA,costco,,
5,1B,Fast: Bagels,,"milk, dried  ",,1 qt dry,,,,,,,,x,,CA,costco,,
5,1B,Fast: Bagels,,nuts almonds,,1/2  lb,,,,,,,x,,,CA,costco,,
5,1B,Fast: Bagels,,cantelope,,1 large/2small,,,,x,,,,,,AZ,,,
5,1B,Fast: Bagels,,coffee,,1/4 lb,,,,,x,,,,,CA,costco,,
5,1B,Fast: Bagels,,decaf coffee bag,,2 bags,,,,,x,,,,,CA,,,
5,1B,Fast: Bagels,,caffeinated tea,,4 bags,,,,,x,,,,,CA,,,
5,1B,Fast: Bagels,,herbal tea,,6 bags,,,,,x,,,,,CA,,,
,,,,,,,,,,,,,,,,,,,
5,2L,PB&J,,peanut butter,,32 oz,,,,,x,,,,,,,,
5,2L,PB&J,,almond butter,,32 oz,,,,,x,,,,,,,,
5,2L,PB&J,,jam,,32 oz,,,,,,,,,,,,,
5,2L,PB&J,,sliced breads,,~40 slices,,,,,,x,,,,AZ,TJ's ?,,"variety: nutty, whole wheat, buttermilk, sourdough...etc"
5,2L,PB&J,,tortillas,,12,,,,,,x,,,,AZ,,, (good kind aka. non-mission brand)
5,2L,PB&J,,honey,,16 oz,,,,,,,,x,,,,,
5,2L,PB&J,,nutella,,1/4 of one large (53 oz) jar,,,,,x,,,,,,,,
5,2L,PB&J,,oranges,,7,,,x,,,,,,,AZ,,,
5,2L,PB&J,,apples,,6,,,x,,,,,,,AZ,,,
5,2L,PB&J,,chips,,2,,,,,,,x,,,AZ,,,variety
5,2L,PB&J,,pickles,,16 pickles,,,,,x,,,,,CA,,,refrigerate after opening
5,2L,PB&J,,celery ,,1 bunch,,x,,,,,,,,AZ,,,
,,,,,,,,,,,,,,,,,,,
5,3D,,Quinoa 3 Bean Salad,kidney beans,,3 cans,,,,,x,,,,,,,,
5,3D,,Quinoa 3 Bean Salad,cannellini beans,,3 cans,,,,,x,,,,,,,,
5,3D,,Quinoa 3 Bean Salad,canned edamame,,4 cans,x,,,,,,,,,,,,
5,3D,,Quinoa 3 Bean Salad,quinoa,,6 cups,,,,,x,,,,,,,,
5,3D,,Quinoa 3 Bean Salad,green bell peppers,,4,,x,,,,,,,,,,,
5,3D,,Quinoa 3 Bean Salad,red onion,,3 medium,,,x,,,,,,,,,,
5,3D,,Quinoa 3 Bean Salad,green beans,,1 lb.,,x,,,,,,,,,,,
5,3D,,Quinoa 3 Bean Salad,corn,,2 cans,,,,,x,,,,,,,,
5,3D,,Quinoa 3 Bean Salad,jalapeno ,,2,,x,,,,,,,,,,,
5,3D,,Quinoa 3 Bean Salad,mangoes,,8,,,,x,,,,,,,,,
5,3D,,Quinoa 3 Bean Salad,green onion,,2 bunch,,x,,,,,,,,,,,
5,3D,,Quinoa 3 Bean Salad,apple cider vinegar,,2 cups,,,,,,,,x,,,,,
5,3D,,Quinoa 3 Bean Salad,grapeseed oil,,1.5 cup,,,,,,,,x,,,,,
5,3D,,Quinoa 3 Bean Salad,salt,,6 tsp,,,,,,,,x,,,,,
5,3D,,Quinoa 3 Bean Salad,honey,,1 cup,,,,,,,,x,,,,,
5,3D,,Bread & Cheese,bread,,,,,,,,,,,,,,,
5,3D,,Bread & Cheese,cheese,,,,,,,,,,,,,,,
,,,,,,,,,,,,,,,,,,,
6,1B,Fast: Cereal,,banana bread,,2 Loaves,,,,,,x,,,x,CA,precooked,,
6,1B,Fast: Cereal,,margarine,,4 oz,,x,,,,,,,,CA,costco,,
6,1B,Fast: Cereal,,peanut butter,,8 oz,,,,,,,,x,,CA,costco,,
6,1B,Fast: Cereal,,nutella / cocoa almond butter ,,8 oz,,,,,,,,x,,CA,Costco/TJ,,
6,1B,Fast: Cereal,,cereal,,15 cups,,,,,x,,,,,CA,costco,,
6,1B,Fast: Cereal,,granola,,5 cups,,,,,x,,,,x,CA,precooked,,
6,1B,Fast: Cereal,,milk dried ,,2 qt dry,,,,,,,,x,,CA,costco,,
6,1B,Fast: Cereal,,almond milk sweetened,,1 qt,,,,,x,,,,,CA,costco,,
6,1B,Fast: Cereal,,rice milk,,1 qt,,,,,x,,,,,CA,costco?,,
6,1B,Fast: Cereal,,yogurt,,16 oz,,x,,,,,,,,AZ,,,
6,1B,Fast: Cereal,,craisins,,8 oz,,,,,x,,,,,CA,costco,,
6,1B,Fast: Cereal,,honeydew melon,,1 large/2small,,,,x,,,,,,AZ,,,
6,1B,Fast: Cereal,,coffee,,1/4 lb,,,,,x,,,,,CA,costco,,
6,1B,Fast: Cereal,,decaf coffee bag,,2 bags,,,,,x,,,,,CA,,,
6,1B,Fast: Cereal,,caffeinated tea,,4 bags,,,,,x,,,,,CA,,,
6,1B,Fast: Cereal,,herbal tea,,6 bags,,,,,x,,,,,CA,,,
6,1B,Fast: Cereal,,white sugar,,1/2 cup,,,,,,,,x,,CA,,,
,,,,,,,,,,,,,,,,,,,
6,2L,Deli Lunch,,sliced breads,,~40 slices,,,,,,x,,,,AZ,TJ's ?,,"variety: nutty, whole wheat, buttermilk, sourdough...etc"
6,2L,Deli Lunch,,tortillas,,12,,,,,,,,,,,,, (good kind aka. non-mission brand)
6,2L,Deli Lunch,,red onion,,1 large,,,x,,,,,,,AZ,,,
6,2L,Deli Lunch,,dill or sweet pickles ,,1/2 large jar,,x,,,,,,,,CA,,,
6,2L,Deli Lunch,,spicy mustard,,1/2 jar,,x,,,,,,,,CA,,,
6,2L,Deli Lunch,,tomatoes,,4 large,,x,,,,,,,,AZ,,,
6,2L,Deli Lunch,,cheese (assortment),,16 oz,,x,,,,,,,,AZ,TJ's,,
6,2L,Deli Lunch,,romaine lettuce,,1/2 head,,x,,,,,,,,AZ,,,
6,2L,Deli Lunch,,mayonaise,,1/5 jar,,x,,,,,,,,CA,TJ's,,
6,2L,Deli Lunch,,peanut butter,,8 oz,,,,,x,,,,,CA,TJ's,,
6,2L,Deli Lunch,,jam,,8 oz,,x,,,,,,,we could bring some home-made jam!,CA,,,
6,2L,Deli Lunch,,oranges,,6,,,x,,,,,,,AZ,,,
6,2L,Deli Lunch,,salt and vinegar potato chips (or something else delicious),,1 bag,,,,,,,x,,,AZ,TJ's/whofo,,
6,2L,Deli Lunch,,terra sweet potato/root veggie chips,,1 bag,,,,,,,x,,,AZ,TJ's/whofo,,
6,2L,Deli Lunch,,tapatio,,endless :),,,,,,,,x,,CA,box?,,
6,2L,Deli Lunch,,sliced turkey lunchmeat,,3 packages,,x,,,,,,,,AZ,,,"Sustainable, please!"
6,2L,Deli Lunch,,"marinated, baked tofu",,4 packages,,x,,,,,,,,AZ,TJ's/whofo,,e.g. wildwood
6,2L,Deli Lunch,,hummus,,1 large tub,,x,,,,,,,,AZ,TJ's,,
6,2L,Deli Lunch,,cucumber,,1,,x,,,,,,,,AZ,,,
6,2L,Deli Lunch,,baby carrots,for dipping in hummus,1 bag,,x,,,,,,,,AZ,,,
6,2L,Deli Lunch,,"some kind of delicious spread (olive tapenade, pesto, roasted red pepper spread...)",,1 jar,,,,,x,,,,,CA,,,refridgerate after opening
,,,,,,,,,,,,,,,,,,,
6,3D,,Ground Nut Stew,veggie stock,preferably frozen,2 32 oz boxes,x,,,,,,,,,CA,costco/TJ's,,"freeze ahead of time, and bring in van"
6,3D,,Ground Nut Stew,canola oil,for cooking,1/4 cup,,,,,,,,x,,CA,box,,
6,3D,,Ground Nut Stew,yellow onion,,3,,,x,,,,,,,CA,TJ's,,
6,3D,,Ground Nut Stew,cans of crushed tomatoes,,2 15 oz cans,,,,,x,,,,,CA,Costco/TJ's,,
6,3D,,Ground Nut Stew,canned hominy,,~45 oz,,,,,x,,,,,CA,Baja Ranch!!,X,Ana's bringing
6,3D,,Ground Nut Stew,peanut butter,,2 cups,,,,,x,,,,,CA,Costco/TJ's,,
6,3D,,Ground Nut Stew,salt,,,,,,,,,,x,,CA,box,,
6,3D,,Ground Nut Stew,crushed red pepper flakes,,1 tbsp,,,,,,,,x,,CA,costco,,
6,3D,,Ground Nut Stew,red bell peppers,,3,,x,,,,,,,,AZ,,,
6,3D,,Ground Nut Stew,fresh garlic,,1 head,,,x,,,,,,,AZ,,,Fresh
6,3D,,Ground Nut Stew,fresh cilantro,,,,,,,,,,,,,,,Fresh
6,3D,,Salad,romaine lettuce ,,1.5 heads,,x,,,,,,,,AZ,,,
6,3D,,Salad,carrots,,2,,x,,,,,,,,AZ,,,
6,3D,,Salad,salad dressing,premade,1.5 cups,,x,,,,,,,x,CA,,,
6,3D,,Salad,jicama ,,1/2 of one,,x,,,,,,,,AZ,,,
6,3D,,Salad,cucumber,,2,,x,,,,,,,,AZ,,,
6,3D,,,goat cheese,,1 small log (4 oz?),,x,,,,,,,,AZ,,,
6,3D,,Brownies,brownie mix,,1 (~30 oz),,,,,x,,,,,CA,,,the good kind!
6,3D,,Brownies,egg replacer,,3 tbs,,,,,,,,,,AZ,,,
6,3D,,Brownies,canola oil,,3/4 cup,,,,,x,,,,,CA,,,
,,,,,,,,,,,,,,,,,,,
7,1B,Fast: Oatmeal,,oatmeal,,6 cups,,,,,x,,,,,CA,costco,,
7,1B,Fast: Oatmeal,,granola,,10 cups,,,,,x,,,,x,CA,precooked,,
7,1B,Fast: Oatmeal,,cream of wheat,,2 cups,,,,,x,,,,,CA,costco,,
7,1B,Fast: Oatmeal,,almond milk sweetened,,1 qt,,,,,x,,,,,CA,costco,,
7,1B,Fast: Oatmeal,,"milk, dried  ",,2 qts dry,,,,,,,,x,,CA,,,
7,1B,Fast: Oatmeal,,yogurt,,1 32oz tub,,x,,,,,,,,AZ?,,,
7,1B,Fast: Oatmeal,,peanut butter,,10 oz,,,,,,,,x,,CA,costco,,
7,1B,Fast: Oatmeal,,nutella,,10 oz,,,,,,,,x,,CA,,,
7,1B,Fast: Oatmeal,,honey,,5 oz,,,,,,,,x,,CA,costco,,
7,1B,Fast: Oatmeal,,whole wheat english muffins,,12,,,,,,x,,,,AZ,,,
7,1B,Fast: Oatmeal,,almonds,,1/2  lb,,,,x,,,,,,CA,costco,,
7,1B,Fast: Oatmeal,,oranges,,12,,,,x,,,,,,AZ,,,
7,1B,Fast: Oatmeal,,coffee,,1/4 lb,,,,,x,,,,,CA,costco,,
7,1B,Fast: Oatmeal,,decaf coffee bag,,2 bags,,,,,x,,,,,CA,,,
7,1B,Fast: Oatmeal,,caffeinated tea,,4 bags,,,,,x,,,,,CA,,,
7,1B,Fast: Oatmeal,,herbal tea,,6 bags,,,,,x,,,,,CA,,,
7,1B,Fast: Oatmeal,,brown sugar,,2 cups,,,,,,,,x,,CA,,,
7,1B,Fast: Oatmeal,,"cinnamon, nutmeg",,3 tablespoons,,,,,,,,x,,CA,,,
7,1B,Fast: Oatmeal,,white sugar,,1/2 cup,,,,,,,,x,,CA,,,
,,,,,,,,,,,,,,,,,,,
7,2L,Deli Bar,,sliced breads,,~40 slices,,,,,,x,,,,AZ,TJ's ?,,"variety: nutty, whole wheat, buttermilk, sourdough...etc"
7,2L,Deli Bar,,tortillas,,16,,,,,,x,,,,AZ,,, (good kind aka. non-mission brand)
7,2L,Deli Bar,,red onion,,1 large,,,x,,,,,,,AZ,,,
7,2L,Deli Bar,,dill or sweet pickles ,,1/2 large jar,,x,,,,,,,,CA,,,
7,2L,Deli Bar,,spicy mustard,,1/2 jar,,x,,,,,,,,CA,,,
7,2L,Deli Bar,,tomatoes,,4 large,,x,,,,,,,,AZ,,,
7,2L,Deli Bar,,cheese (assortment),,16 oz,,x,,,,,,,,AZ,TJ's,,
7,2L,Deli Bar,,romaine lettuce,,1/2 head,,x,,,,,,,,AZ,,,
7,2L,Deli Bar,,mayonaise,,1/5 jar,,x,,,,,,,,CA,TJ's,,
7,2L,Deli Bar,,peanut butter,,16 oz,,,,,x,,,,,CA,TJ's,,
7,2L,Deli Bar,,jam,,16 oz,,x,,,,,,,we could bring some home-made jam!,CA,,,
7,2L,Deli Bar,,oranges,,5,,,x,,,,,,,AZ,,,
7,2L,Deli Bar,,salt and vinegar potato chips (or something else delicious),,1 bag,,,,,,,x,,,AZ,TJ's/whofo,,
7,2L,Deli Bar,,terra sweet potato/root veggie chips,,1 bag,,,,,,,x,,,AZ,TJ's/whofo,,
7,2L,Deli Bar,,tapatio,,endless :),,,,,,,,x,,CA,box?,,
7,2L,Deli Bar,,salame log,,1 small,,x,,,,,,,,AZ,,,"Unsliced/Let's try to buy sustainably raised meat, please."
7,2L,Deli Bar,,"marinated, baked tofu ",,3 packages),,x,,,,,,,,AZ,TJ's/whofo,,(e.g. wildwood)
7,2L,Deli Bar,,hummus,,1 large tub,,x,,,,,,,,AZ,TJ's,,
7,2L,Deli Bar,,cucumber,,1,,x,,,,,,,,AZ,,,
7,2L,Deli Bar,,baby carrots,for dipping in hummus,1 bag,,x,,,,,,,,AZ,,,
7,2L,Deli Bar,,roasted red pepper spread,,2 jars,,,,,x,,,,,CA,TJ's,,
,,,,,,,,,,,,,,,,,,,
7,3D,,Chili,canned kidney beans ,,~60 oz,,,,,x,,,,,CA,costco/TJ's,,
7,3D,,Chili,canned pinto beans,,~15 oz,,,,,x,,,,,CA,costco/TJ's,,
7,3D,,Chili,canned black beans,,~45 oz,,,,,x,,,,,CA,costco/TJ's,,
7,3D,,Chili,hominy,,(whatever's left over from ground nut stew on night 6),,x,,,,,,,,CA,baja ranch,X,Ana's bringing
7,3D,,Chili,canned fire roasted tomatoes,,~60 oz,,,,,x,,,,,CA,costco/TJ's,,
7,3D,,Chili,beer,,2 bottles,,,,,x,,,,,sara?,sara?,,
7,3D,,Chili,cocoa powder,,~1/4 cup?,,,,,,,,x,,CA,box,,
7,3D,,Chili,poblano peppers,,3,,x,,,,,,,,AZ,,,
7,3D,,Chili,red onion,,3,,,x,,,,,,,AZ,,,
7,3D,,Chili,carrot,,4,,x,,,,,,,,AZ,,,
7,3D,,Chili,chili powder ,,~1/2 cup,,,,,,,,x,,CA,?,,"(spice blend, not too spicy)"
7,3D,,Chili,cumin,,2 tbsp,,,,,,,,x,,CA,box,,
7,3D,,Chili,paprika,,1/4 cup,,,,,,,,x,,CA,box,,
7,3D,,Chili,chipotle pepper,,1/4 cup,,,,,,,,x,,CA,?,,"dried, ground"
7,3D,,Chili,zucchini,,3,,x,,,,,,,,AZ,,,
7,3D,,Chili,cheddar cheese,,16 oz,,x,,,,,,,,AZ,,,
7,3D,,Chili,sour cream or yogurt,,20 oz,,x,,,,,,,,AZ,,,
7,3D,,Chili,avocado,,5 avocados,,x,,,,,,,,AZ,,,
7,3D,,Chili,canned corn,,15 oz,,,,,x,,,,,CA,costco/TJ's,,
7,3D,,Cornbread,canned corn,,15 oz,,,,,x,,,,,CA,costco/TJ's,,
7,3D,,Cornbread,honey,,1/2 cup,,,,,,,,x,,box,,,
7,3D,,Cornbread,butter,,1/2 stick,,x,,,,,,,,AZ,,,
7,3D,,Cornbread,cornbread mix ,"(dehydrated milk, wheat flour, corn meal, baking powder, sugar)",1 bag = 16 servings,,,,,x,,,,,premade,,,
7,3D,,Cornbread,egg replacer,,4 tbs,,x,,,,,,,,AZ,,,
7,3D,,Cornbread,yogurt ,optional,2 cups,,x,,,,,,,,AZ,,,
7,3D,,Carrot Cabbage Salad,red cabbage,,1,,x,,,,,,,,AZ,,,
7,3D,,Carrot Cabbage Salad,carrots,,5 big carrots,,x,,,,,,,,AZ,,,
7,3D,,Carrot Cabbage Salad,raisins,,1 cup,,,,x,,,,,,CA,box,,
7,3D,,Carrot Cabbage Salad,salad dressing,,1 cup,,x,,,,,,,x,make in ca,,,
,,,,,,,,,,,,,,,,,,,
8,1B,Fast: Bagels,,bagels,,18,,,,,,x,,,,AZ,,,
8,1B,Fast: Bagels,,whole wheat english muffins,,12,,,,,,x,,,,AZ,,,
8,1B,Fast: Bagels,,peanut butter,,12 oz,,,,,,,,x,,CA,costco,,
8,1B,Fast: Bagels,,nutella,,8 oz,,,,,,,,x,,CA,,,
8,1B,Fast: Bagels,,speculous cookie butter,,8oz,,,,,,,,x,,CA,TJ's,,
8,1B,Fast: Bagels,,honey,,5 oz,,,,,,,,x,,CA,costco,,
8,1B,Fast: Bagels,,cucumbers,,3,,x,,,,,,,,az,,,
8,1B,Fast: Bagels,,capers,,16 oz,,,,,x,,,,,ca,costco,,
8,1B,Fast: Bagels,,cream cheese,,750 g,,x,,,,,,,,,,,
8,1B,Fast: Bagels,,jam,,10 oz,,,,,,,,x,,CA,,,
8,1B,Fast: Bagels,,soy milk,,1 qt,,,,,x,,,,,CA,costco,,
8,1B,Fast: Bagels,,"milk, dried  ",,1 qt dry,,,,,,,,x,,CA,,,
8,1B,Fast: Bagels,,nuts almonds,,1/2  lb,,,,,,,x,,,CA,costco,,
8,1B,Fast: Bagels,,bananas,,12,,,,x,,,,,,AZ,,,
8,1B,Fast: Bagels,,coffee,,1/4 lb,,,,,x,,,,,CA,costco,,
8,1B,Fast: Bagels,,decaf coffee bag,,2 bags,,,,,x,,,,,CA,,,
8,1B,Fast: Bagels,,caffeinated tea,,4 bags,,,,,x,,,,,CA,,,
8,1B,Fast: Bagels,,herbal tea,,6 bags,,,,,x,,,,,CA,,,
8,1B,Fast: Bagels,,white sugar,,1/2 cup,,,,,,,,x,,CA,,,
,,,,,,,,,,,,,,,,,,,
8,2L,Deli Bar,,sliced breads,,~32 slices,,,,,,x,,,,AZ,TJ's ?,,"variety: nutty, whole wheat, buttermilk, sourdough...etc"
8,2L,Deli Bar,,tortillas,,16,,,,,,x,,,,AZ,,, (good kind aka. non-mission brand)
8,2L,Deli Bar,,red onion,,1 large,,,x,,,,,,,AZ,,,
8,2L,Deli Bar,,dill or sweet pickles ,,1/2 large jar,,x,,,,,,,,CA,,,
8,2L,Deli Bar,,spicy mustard,,1/2 jar,,x,,,,,,,,CA,,,
8,2L,Deli Bar,,cheese (assortment),,16 oz,,x,,,,,,,,AZ,TJ's,,
8,2L,Deli Bar,,iceburg lettuce,,1/2 head,,x,,,,,,,,AZ,,,
8,2L,Deli Bar,,mayonaise,,1/5 jar,,x,,,,,,,,CA,TJ's,,
8,2L,Deli Bar,,tomatoes,,4 large,,x,,,,,,,,AZ,,,
8,2L,Deli Bar,,peanut butter,,16 oz,,,,,x,,,,,CA,TJ's,,
8,2L,Deli Bar,,jam,,16 oz,,x,,,,,,,we could bring some home-made jam!,CA,,,
8,2L,Deli Bar,,oranges,,5,,,x,,,,,,,AZ,,,
8,2L,Deli Bar,,apples,,6,,,x,,,,,,,AZ,,,
8,2L,Deli Bar,,salt and vinegar potato chips (or something else delicious),,1 bag,,,,,,,x,,,AZ,TJ's/whofo,,
8,2L,Deli Bar,,terra sweet potato/root veggie chips,,1 bag,,,,,,,x,,,AZ,TJ's/whofo,,
8,2L,Deli Bar,,tapatio,,endless :),,,,,,,,x,,CA,box?,,
8,2L,Deli Bar,,salame log,,1 small,,x,,,,,,,,AZ,,,"Unsliced/Let's try to buy sustainably raised meat, please."
8,2L,Deli Bar,,"marinated, baked tofu ",,4 packages,,x,,,,,,,,AZ,TJ's/whofo,,eg: wildwood
8,2L,Deli Bar,,hummus,,1 large tub,,x,,,,,,,,AZ,TJ's,,
8,2L,Deli Bar,,cucumber,,1,,x,,,,,,,,AZ,,,
8,2L,Deli Bar,,baby carrots ,for dipping in hummus,1 bag,,x,,,,,,,,AZ,,,
8,2L,Deli Bar,,"variety of delicious spreads (e.g. tapenade, chutney, roasted pepper spread, pesto...)",,2 12 oz jars,,,,,x,,,,,,,,
,,,,,,,,,,,,,,,,,,,
8,3D,,Fancy Mac&Cheese,annie's mac&cheese,,66 oz,,,,,x,,,,,CA,costco,,
8,3D,,Fancy Mac&Cheese,pepperjack cheese,,16 oz,,x,,,,,,,,CA,costco/TJ's,,
8,3D,,Fancy Mac&Cheese,milk,,2 cups,,x,,,,,,,,AZ,,,
8,3D,,Fancy Mac&Cheese,red bell peppers,,4,,x,,,,,,,,AZ,,,
8,3D,,Fancy Mac&Cheese,red onion,,3,,,x,,,,,,,CA,,,
8,3D,,Fancy Mac&Cheese,dried basil flakes,,1/4 cup,,,,,,,,x,,CA,box,,
8,3D,,Fancy Mac&Cheese,chili flakes,,2 tbsp,,,,,,,,x,,CA,?,,
8,3D,,Salad,romaine lettuce,,1.5 heads,,x,,,,,,,,AZ,,,
8,3D,,Salad,carrots,,4,,x,,,,,,,,AZ,,,
8,3D,,Salad,jicama,,1/2 of one,,x,,,,,,,,AZ,,,
8,3D,,Salad,cucumbers,,2,,x,,,,,,,,AZ,,,
8,3D,,Salad,salad dressing,,1 cup,,x,,,,,,,x,CA,pre-make,,
8,3D,,Salad,toasted almonds,,2 cups,,,,,x,,,,,CA,costco/TJ's,,
8,3D,,Dessert,tj cookies,,1 box,,,,,x,,,,,CA,TJ's,,
,,,,,,,,,,,,,,,,,,,
9,1B,Fast: Cereal,,banana bread,,2 Loaves,,,,,,x,,,x,CA,,,
9,1B,Fast: Cereal,,margarine,,4 oz,,x,,,,,,,,CA,costco,,
9,1B,Fast: Cereal,,peanut butter,,8 oz,,,,,,,,x,,CA,costco,,
9,1B,Fast: Cereal,,cereal,,15 cups,,,,,x,,,,,CA,costco,,
9,1B,Fast: Cereal,,granola,,5 cups,,,,,x,,,,x,CA,,,
9,1B,Fast: Cereal,,milk dried ,,2 qt dry,,,,,,,,x,,CA,,,
9,1B,Fast: Cereal,,almond milk,,1 qt,,,,,x,,,,,CA,costco,,
9,1B,Fast: Cereal,,rice milk,,1 qt,,,,,x,,,,,CA,,,
9,1B,Fast: Cereal,,yogurt,,16 oz,,x,,,,,,,,AZ,,,
9,1B,Fast: Cereal,,craisins,,8 oz,,,,,x,,,,,CA,costco,,
9,1B,Fast: Cereal,,oranges,,12,,,,x,,,,,,AZ,,,
9,1B,Fast: Cereal,,coffee,,1/4 lb,,,,,x,,,,,CA,costco,,
9,1B,Fast: Cereal,,decaf coffee bag,,2 bags,,,,,x,,,,,CA,,,
9,1B,Fast: Cereal,,caffeinated tea,,4 bags,,,,,x,,,,,CA,,,
9,1B,Fast: Cereal,,herbal tea,,6 bags,,,,,x,,,,,CA,,,
9,1B,Fast: Cereal,,white sugar,,1/2 cup,,,,,,,,x,,CA,,,
,,,,,,,,,,,,,,,,,,,
9,2L,PB&J,,peanut butter,,32 oz,,,,,x,,,,,,,,
9,2L,PB&J,,almond butter,,16 oz,,,,,x,,,,,,,,
9,2L,PB&J,,jam,,32 oz,,x,,,,,,,,,,,
9,2L,PB&J,,sliced breads,,~32 slices,,,,,,x,,,,AZ,TJ's ?,,"variety: nutty, whole wheat, buttermilk, sourdough...etc"
9,2L,PB&J,,tortillas,,20,,,,,,,,,,,,, (good kind aka. non-mission brand)
9,2L,PB&J,,honey,,16 oz,,,,,,,,x,,,,,
9,2L,PB&J,,nutella,,7 oz,,,,,x,,,,,,,,
9,2L,PB&J,,oranges,,5,,,x,,,,,,,AZ,,,
9,2L,PB&J,,apples,,4,,,x,,,,,,,AZ,,,
9,2L,PB&J,,chips,,2,,,,,,,x,,,AZ,,,variety
9,2L,PB&J,,pickles,,15 pickles,,,,,x,,,,,CA,,,refrigerate after opening
9,2L,PB&J,,celery ,,1 bunch,,x,,,,,,,,AZ,,,
,,,,,,,,,,,,,,,,,,,
9,3D,,Burritos,black beans,,6 cups dry,,,,,x,,,,,CA,,,
9,3D,,Burritos,onion,,3,,,x,,,,,,,CA,costco,,
9,3D,,Burritos,cumin * chili powder * garlic * salt ,,cond,,,,,,,,x,,CA,,,
9,3D,,Burritos,garlic cloves            ,,3,,,x,,,,,,,AZ,,,
9,3D,,Burritos,flour tortillas,,24,,,,,,x,,,,,,,
9,3D,,Burritos,tapatio,,cond,,,,,,,,x,,CA,,,
9,3D,,Burritos,white rice,,4 cups,,,,,x,,,,,CA,,,
9,3D,,Burritos,diced tomatoes,,3 cans,,,,,x,,,,,CA,,,
9,3D,,Burritos,canned green chilis and tomaotes,,2 small cans,,,,,x,,,,,CA,,,
9,3D,,Burritos,zucinni,,4large/5small,,x,,,,,,,,AZ,,,
9,3D,,Burritos,corn,,2 cans,,,,,x,,,,,CA,,,
9,3D,,Burritos,red bell pepper,,2,,x,,,,,,,,CA,,,
9,3D,,Burritos,cilantro,,1 bunch,,x,,,,,,,,AZ,,,
9,3D,,Burritos,tomatoes,,5,,,,x,,,,,,AZ,,,
9,3D,,Burritos,limes,,5,,,,x,,,,,,AZ,,,
9,3D,,Burritos,jalapenos,,2,,,x,,,,,,,AZ,,,
9,3D,,Burritos,peper jack cheese,,10 oz,,x,,,,,,,,,,,
9,3D,,Burritos,mole concentrate,,1/2 jar,,x,,,,,,,,CA,baja ranch,x,ana's bringing
9,3D,,Pudding,small tapioca pearls,,2 cups,,,,,x,,,,,CA,,,
9,3D,,Pudding,white sugar,,2 cups,,,,,,,,x,,CA,,,
9,3D,,Pudding,coconut milk,,3 cans,,,,,x,,,,,CA,,,
9,3D,,Pudding,shredded coconut,,2 cups,,,,,x,,,,,CA,,,
9,3D,,Pudding,almonds,,2 cups,,,,,x,,,,,CA,,,
,,,,,,,,,,,,,,,,,,,
10,1B,Fast: Oatmeal,,oatmeal,,6 cups,,,,,x,,,,,CA,costco,,
10,1B,Fast: Oatmeal,,granola,,10 cups,,,,,x,,,,x,CA,,,
10,1B,Fast: Oatmeal,,cream of wheat,,2 cups,,,,,x,,,,,CA,,,
10,1B,Fast: Oatmeal,,almond milk,,1 qt,,,,,x,,,,,CA,costco,,
10,1B,Fast: Oatmeal,,"milk, dried  ",,2 qts dry,,,,,,,,x,,CA,,,
10,1B,Fast: Oatmeal,,yogurt,,1 32oz tub,,x,,,,,,,,AZ?,,,
10,1B,Fast: Oatmeal,,peanut butter,,10 oz,,,,,,,,x,,CA,costco,,
10,1B,Fast: Oatmeal,,nutella,,10 oz,,,,,,,,x,,CA,,,
10,1B,Fast: Oatmeal,,honey,,5 oz,,,,,,,,x,,CA,costco,,
10,1B,Fast: Oatmeal,,white english muffins,,12,,,,,,x,,,,AZ,,,
10,1B,Fast: Oatmeal,,craisins,,1/2  lb,,,,x,,,,,,CA,costco,,
10,1B,Fast: Oatmeal,,papaya,,1,,,,x,,,,,,AZ,,,
10,1B,Fast: Oatmeal,,coffee,,1/4 lb,,,,,x,,,,,CA,costco,,
10,1B,Fast: Oatmeal,,decaf coffee bag,,2 bags,,,,,x,,,,,CA,,,
10,1B,Fast: Oatmeal,,caffeinated tea,,4 bags,,,,,x,,,,,CA,,,
10,1B,Fast: Oatmeal,,herbal tea,,6 bags,,,,,x,,,,,CA,,,
10,1B,Fast: Oatmeal,,brown sugar,,2 cups,,,,,,,,x,,CA,,,
10,1B,Fast: Oatmeal,,"cinnamon, nutmeg",,3 tablespoons,,,,,,,,x,,CA,,,
10,1B,Fast: Oatmeal,,white sugar,,1/2 cup,,,,,,,,x,,CA,,,
,,,,,,,,,,,,,,,,,,,
10,2L,Deli Bar,,sliced breads,,~40 slices,,,,,,x,,,,AZ,TJ's ?,,"variety: nutty, whole wheat, buttermilk, sourdough...etc"
10,2L,Deli Bar,,tortillas,,16,,,,,,x,,,,AZ,,, (good kind aka. non-mission brand)
10,2L,Deli Bar,,red onion,,1 large,,,x,,,,,,,AZ,,,
10,2L,Deli Bar,,dill or sweet pickles ,,1/2 large jar,,x,,,,,,,,CA,,,
10,2L,Deli Bar,,spicy mustard,,1/2 jar,,x,,,,,,,,CA,,,
10,2L,Deli Bar,,cheese (assortment),,16 oz,,x,,,,,,,,AZ,TJ's,,
10,2L,Deli Bar,,iceburg lettuce,,1/2 head,,x,,,,,,,,AZ,,,
10,2L,Deli Bar,,mayonaise,,1/5 jar,,x,,,,,,,,CA,TJ's,,
10,2L,Deli Bar,,peanut butter,,16 oz,,,,,x,,,,,CA,TJ's,,
10,2L,Deli Bar,,jam,,16 oz,,x,,,,,,,we could bring some home-made jam!,CA,,,
10,2L,Deli Bar,,oranges,,5,,,x,,,,,,,AZ,,,
10,2L,Deli Bar,,tomatoes,,4 large,,x,,,,,,,,AZ,,,
10,2L,Deli Bar,,apples,,4,,,x,,,,,,,AZ,,,
10,2L,Deli Bar,,trader joe's peanutbutter filled pretzels,,1 bag,,,,,,,x,,,CA,TJ's,,
10,2L,Deli Bar,,tapatio,,endless :),,,,,,,,x,,CA,box?,,
10,2L,Deli Bar,,salame log,,1 small,,x,,,,,,,,AZ,,,"Unsliced/Let's try to buy sustainably raised meat, please."
10,2L,Deli Bar,,"marinated, baked tofu ",,3 packages),,x,,,,,,,,AZ,TJ's/whofo,,(e.g. wildwood)
10,2L,Deli Bar,,carrots,,1 bunch small carrots,,x,,,,,,,,AZ,,,
,,,,,,,,,,,,,,,,,,,
10,3D,,Chana Marsala,chick peas,,6 cups dry,,,,,x,,,,,CA,,,
10,3D,,Chana Marsala,onion,,3,,,x,,,,,,,AZ,,,
10,3D,,Chana Marsala,garlic,,7 cloves,,,x,,,,,,,AZ,,,
10,3D,,Chana Marsala,garam marsala powder,,cond,,,,,,,,x,,CA,,,
10,3D,,Chana Marsala,curry powder,,cond,,,,,,,,x,,CA,,,
10,3D,,Chana Marsala,ground cummin,,cond,,,,,,,,x,,CA,,,
10,3D,,Chana Marsala,ground coriander,,cond,,,,,,,,x,,CA,,,
10,3D,,Chana Marsala,chili powder,,cond,,,,,,,,x,,CA,,,
10,3D,,Chana Marsala,tumeric,,cond,,,,,,,,x,,CA,,,
10,3D,,Chana Marsala,diced tomatoes,,1 20 oz can,,,,,x,,,,,CA,,,
10,3D,,Chana Marsala,lemon,,2,,,,,,,,,,AZ,,,
10,3D,,Cauliflower Potato Side,cauliflower,,2,,x,,,,,,,,AZ,,,
10,3D,,Cauliflower Potato Side,potatoes,,9,,,x,,,,,,,AZ,,,
10,3D,,Rice,brown rice,,6 cups dry,,,,,x,,,,,CA,,,
10,3D,,,powdered ginger,,cond,,,,,,,,x,,CA,,,
,,,,,,,,,,,,,,,,,,,
11,1B,Slow,Pancakes,bob's red mill buttermilk pancake mix,,3 x 26 oz pkg,,,,,x,,,,,CA,WF (or there might be a TJ equiv),,
11,1B,Slow,Pancakes,oil for pancakes,,1 cup,,,,,,,,x,,CA,Costco,,
11,1B,Slow,Pancakes,eggs,,16,,x,,,,,,,,AZ,,,
11,1B,Slow,Pancakes,dry milk,,10 cups rehydrated,,,,,x,,,,,CA,Costco,,
11,1B,Slow,Pancakes,maple syrup,,32 oz,,,,,,,,x,,CA,Costco or TJ,,
11,1B,Slow,Pancakes,chocolate chips or m&ms,,2 lb bag,,,,,,,x,,,CA,Costco,,
11,1B,Slow,Pancakes,plain yogurt,,64 oz,,x,,,,,,,,AZ,,,
11,1B,Slow,Pancakes,canned blueberries,,32 oz,,,,,x,,,,,CA,Costco?,,"if available -- otherwise, peaches?"
11,1B,Slow,Apple Topping,apples,,8,,,,x,,,,,,AZ,,,
11,1B,Slow,Apple Topping,butter,,3/4 cup,,x,,,,,,,,AZ,,,
11,1B,Slow,Apple Topping,cinnamon,,4 Tbsp,,,,,,,,x,,,,,
11,1B,Slow,Eggs for pancake haters,eggs,,8,,x,,,,,,,,AZ,,,
11,1B,Slow,Bacon,sugar,,4 Tbsp,,,,,,,,x,,,,,
11,1B,Slow,,bacon,,3 lb,x,,,,,,,,,AZ,,,
11,1B,Slow,,dry milk,,,,,,,,,,,,,,,
11,1B,Slow,,soy milk,,,,,,,,,,,,,,,
11,1B,Slow,,coffee,,1/2 lb,,,,,,,,x,,CA,costco,,
11,1B,Slow,,decaf coffee bag,,2 bags,,,,,,,,x,,CA,,,
11,1B,Slow,,caffeinated tea,,4 bags,,,,,,,,x,,CA,,,
11,1B,Slow,,herbal tea,,6 bags,,,,,,,,x,,CA,,,
11,1B,Slow,,white sugar,,1/2 cup,,,,,,,,x,,CA,,,
,,,,,,,,,,,,,,,,,,,
11,2L,Deli Bar,,sliced breads,,~40 slices,,,,,,x,,,,AZ,TJ's ?,,"variety: nutty, whole wheat, buttermilk, sourdough...etc"
11,2L,Deli Bar,,tortillas,,16,,,,,,x,,,,AZ,,, (good kind aka. non-mission brand)
11,2L,Deli Bar,,tomatoes,,4 large,,,,,,,,,,,,,
11,2L,Deli Bar,,red onion,,1 large,,,x,,,,,,,AZ,,,
11,2L,Deli Bar,,pepperonchinis,,1/2 large jar,,x,,,,,,,,CA,,,
11,2L,Deli Bar,,spicy mustard,,1/2 jar,,x,,,,,,,,CA,,,
11,2L,Deli Bar,,cheese (assortment),,16 oz,,x,,,,,,,,AZ,TJ's,,
11,2L,Deli Bar,,iceburg lettuce,,1/2 head,,x,,,,,,,,AZ,,,
11,2L,Deli Bar,,mayonaise,,1/5 jar,,x,,,,,,,,CA,TJ's,,
11,2L,Deli Bar,,peanut butter,,8 oz,,,,,x,,,,,CA,TJ's,,
11,2L,Deli Bar,,jam,,8 oz,,x,,,,,,,we could bring some home-made jam!,CA,,,
11,2L,Deli Bar,,oranges,,6,,,x,,,,,,,AZ,,,
11,2L,Deli Bar,,apples,,4,,,x,,,,,,,AZ,,,
11,2L,Deli Bar,,tortilla chips,,2 bags,,,,,,,x,,,AZ,TJ's/whofo,,
11,2L,Deli Bar,,mix of delicious salsas,,two 16 oz jars,,,,,x,,,,,CA,TJ's/whofo,,
11,2L,Deli Bar,,tapatio,,endless :),,,,,,,,x,,CA,box?,,
11,2L,Deli Bar,,salame log,,1 small,,x,,,,,,,,AZ,,,Sliced.
11,2L,Deli Bar,,"marinated, baked tofu",,3 packages),,x,,,,,,,,AZ,TJ's/whofo,,(e.g. wildwood)
11,2L,Deli Bar,,carrots,,1 bunch of small carrots,,x,,,,,,,,AZ,,,
,,,,,,,,,,,,,,,,,,,
11,3D,,Pasta w/ Tomato Sauce,pasta,,5 lbs.,,,,,x,,,,,,,,
11,3D,,Pasta w/ Tomato Sauce,canned tomato sauce,,4 x 24 oz jars.,,,,,x,,,,"time permitting, zuz will make - otherwise buy...",,,,
11,3D,,Pasta w/ Tomato Sauce,onion,,4 onion,,,x,,,,,,zuz dehydrates veggies,CA,,,
11,3D,,Pasta w/ Tomato Sauce,dehydrated tomatoes,,,,,,,x,,,,,CA,garden,,
11,3D,,Pasta w/ Tomato Sauce,dehydrated zucchini,,7,,,,,x,,,,,CA,garden,,
11,3D,,Pasta w/ Tomato Sauce,dehydrated eggplant,,2,,,,,x,,,,,CA,garden,,
11,3D,,Pasta w/ Tomato Sauce,dehydrated portobella mushrooms,,5,,,,,x,,,,,CA,,,
11,3D,,Pasta w/ Tomato Sauce,veggie broth,,1 box (32 oz?),x,,,,,,,,,,,,
11,3D,,Pasta w/ Tomato Sauce,roasted red pepper,,~24 oz. jar,,,,,x,,,,,,,,
11,3D,,Pasta w/ Tomato Sauce,parmesan,,12 oz.,,x,,,,,,,,,,,
11,3D,,Pasta w/ Tomato Sauce,oregano,,1/4 cup,,,,,x,,,x,,,,,
11,3D,,Garlic Bread,bread ,,2 large loaves,x,,,,,,,,,,,,
11,3D,,Garlic Bread,garlic,,1 head,,x,,,,,,,,,,,
11,3D,,Garlic Bread,oil,,?,,,,,,,,x,,,,,
11,3D,,Garlic Bread,parmesan,,8 oz.,,x,,,,,,,,,,,
,,,,,,,,,,,,,,,,,,,
12,1B,Fast: Bagels,,bagels,,12,,,,,,x,,,,AZ,,,
12,1B,Fast: Bagels,,english muffins,,12,,,,,,x,,,,AZ,,,
12,1B,Fast: Bagels,,nutty/seedy crakers,,2 boxes,,,,,x,,,,,CA ,costco,,
12,1B,Fast: Bagels,,peanut butter,,12 oz,,,,,,,,x,,CA,costco,,
12,1B,Fast: Bagels,,nutella,,12 oz,,,,,,,,x,,CA,,,
12,1B,Fast: Bagels,,honey,,5 oz,,,,,,,,x,,CA,costco,,
12,1B,Fast: Bagels,,cream cheese,,500g,,x,,,,,,,,,,,
12,1B,Fast: Bagels,,jam,,10 oz,,,,,,,,x,,CA,,,
12,1B,Fast: Bagels,,soy milk,,1 qt,,,,,x,,,,,CA,costco,,
12,1B,Fast: Bagels,,"milk, dried  ",,1 qt dry,,,,,,,,x,,CA,,,
12,1B,Fast: Bagels,,nuts almonds,,1/2  lb,,,,,,,x,,,CA,costco,,
12,1B,Fast: Bagels,,oranges,,12,,,,x,,,,,,AZ,,,
12,1B,Fast: Bagels,,coffee,,1/4 lb ,,,,,x,,,,,CA,costco,,
12,1B,Fast: Bagels,,decaf coffee bag,,2 bags,,,,,x,,,,,CA,,,
12,1B,Fast: Bagels,,caffeinated tea,,4 bags,,,,,x,,,,,CA,,,
12,1B,Fast: Bagels,,herbal tea,,6 bags,,,,,x,,,,,CA,,,
12,1B,Fast: Bagels,,white sugar,,1/2 cup,,,,,,,,x,,CA,,,
,,,,,,,,,,,,,,,,,,,
12,2L,PB&J,,peanut butter,,32 oz,,,,,x,,,,,,,,
12,2L,PB&J,,almond butter,,16 oz,,,,,x,,,,,,,,
12,2L,PB&J,,jam,,16 oz,,x,,,,,,,,,,,
12,2L,PB&J,,sliced breads,,~32 slices,,,,,,x,,,,AZ,TJ's ?,,"variety: nutty, whole wheat, buttermilk, sourdough...etc"
12,2L,PB&J,,tortillas,,20,,,,,,x,,,,AZ,,, (good kind aka. non-mission brand)
12,2L,PB&J,,honey,,16 oz,,,,,,,,x,,CA,,,
12,2L,PB&J,,nutella,,8 oz,,,,,x,,,,,CA,,,
12,2L,PB&J,,oranges,,7,,,x,,,,,,,AZ,,,
12,2L,PB&J,,apples,,5,,,x,,,,,,,AZ,,,
12,2L,PB&J,,chips,,2,,,,,,,x,,,AZ,,,non-salsa requiring!
12,2L,PB&J,,carrots,,12,,x,,,,,,,,,,,
,,,,,,,,,,,,,,,,,,,
12,3D,,Thai Curry,sweet potatoes,,10,,,x,,,,,,,CA,costco/TJ's,,
12,3D,,Thai Curry,yellow onion,,5,,,x,,,,,,,CA,costco/TJ's,,
12,3D,,Thai Curry,garlic,,1.5 heads,,,x,,,,,,,CA,costco/TJ's,,
12,3D,,Thai Curry,canned tomatoes,,15 oz,,,,,x,,,,,CA,costco/TJ's,,
12,3D,,Thai Curry,carrots,,4,,x,,,,,,,,AZ,,,
12,3D,,Thai Curry,firm tofu,,3 packages,,x,,,,,,,,AZ,,,
12,3D,,Thai Curry,frozen spinach,,1 package,x,,,,,,,,,AZ,,,
12,3D,,Thai Curry,corriander,,,,,,,,,,x,,CA,box,,
12,3D,,Thai Curry,turmeric,,,,,,,,,,x,,CA,box,,
12,3D,,Thai Curry,cumin,,,,,,,,,,x,,CA,box,,
12,3D,,Thai Curry,curry paste,,2 little jars,,,,,x,,,,,CA,TJ's?,,
12,3D,,Thai Curry,coconut milk,,2 cans,,,,,x,,,,,CA,TJ's,,
12,3D,,Quinoa,quinoa,,5 cups,,,,,x,,,,,CA,whofo?,,
,,,,,,,,,,,,,,,,,,,
12,1B,Fast: Cereal,,banana bread,,2 Loaves,,,,,,x,,,x,CA,,,
12,1B,Fast: Cereal,,margarine,,4 oz,,x,,,,,,,,CA,costco,,
12,1B,Fast: Cereal,,peanut butter,,8 oz,,,,,,,,x,,CA,costco,,
12,1B,Fast: Cereal,,cereal,,15 cups,,,,,x,,,,,CA,costco,,
12,1B,Fast: Cereal,,granola,,5 cups,,,,,x,,,,x,CA,,,
12,1B,Fast: Cereal,,milk dried ,,1 qt dry,,,,,,,,x,,CA,,,
12,1B,Fast: Cereal,,almond milk,,1 qt,,,,,x,,,,,CA,costco,,
12,1B,Fast: Cereal,,rice milk,,1 qt,,,,,x,,,,,CA,,,
12,1B,Fast: Cereal,,yogurt,,16 oz,,x,,,,,,,,AZ,,,
12,1B,Fast: Cereal,,craisins,,8 oz,,,,,x,,,,,CA,costco,,
12,1B,Fast: Cereal,,canned peaches,,2 29oz cans,,,,,,x,,,,AZ,,,
12,1B,Fast: Cereal,,yogurt,,1 large tub,x??,x,,,,,,,,CA,,,
12,1B,Fast: Cereal,,coffee,,1/4 lb,,,,,x,,,,,CA,costco,,
12,1B,Fast: Cereal,,decaf coffee bag,,2 bags,,,,,x,,,,,CA,,,
12,1B,Fast: Cereal,,caffeinated tea,,4 bags,,,,,x,,,,,CA,,,
12,1B,Fast: Cereal,,herbal tea,,6 bags,,,,,x,,,,,CA,,,
12,1B,Fast: Cereal,,white sugar,,1/2 cup,,,,,,,,x,,CA,,,
,,,,,,,,,,,,,,,,,,,
13,2L,Deli Bar,,sliced breads,,~32 slices,,,,,,x,,,,AZ,TJ's ?,,"variety: nutty, whole wheat, buttermilk, sourdough...etc"
13,2L,Deli Bar,,tortillas,,20,,,,,,x,,,,AZ,,, (good kind aka. non-mission brand)
13,2L,Deli Bar,,tomatoes,,4 large,,,,,,,,,,,,,
13,2L,Deli Bar,,red onion,,1 large,,,x,,,,,,,AZ,,,
13,2L,Deli Bar,,pepperonchinis,,1/2 large jar,,x,,,,,,,,CA,,,
13,2L,Deli Bar,,fancy mustard (mendocino mustard?),,1/2 jar,,x,,,,,,,,CA,,,
13,2L,Deli Bar,,cheese (assortment),,16 oz,,x,,,,,,,,AZ,TJ's,,
13,2L,Deli Bar,,iceburg lettuce,,1/2 head,,x,,,,,,,,AZ,,,
13,2L,Deli Bar,,mayonaise,,1/5 jar,,x,,,,,,,,CA,TJ's,,
13,2L,Deli Bar,,peanut butter,,16 oz,,,,,x,,,,,CA,TJ's,,
13,2L,Deli Bar,,jam,,16 oz,,x,,,,,,,we could bring some home-made jam!,CA,,,
13,2L,Deli Bar,,oranges,,5,,,x,,,,,,,AZ,,,
13,2L,Deli Bar,,apples,,4,,,x,,,,,,,AZ,,,
13,2L,Deli Bar,,salt and vinegar potato chips (or something else delicious),,1 bag,,,,,,,x,,,AZ,TJ's/whofo,,
13,2L,Deli Bar,,terra sweet potato/root veggie chips,,1 bag,,,,,,,x,,,AZ,TJ's/whofo,,
13,2L,Deli Bar,,tapatio,,endless :),,,,,,,,x,,CA,box?,,
13,2L,Deli Bar,,salame log,,1 small,,x,,,,,,,,AZ,,,"Unsliced/Let's try to buy sustainably raised meat, please."
13,2L,Deli Bar,,"marinated, baked tofu",,4 packages,,x,,,,,,,,AZ,TJ's/whofo,,(e.g. wildwood)
13,2L,Deli Bar,,carrots,,1 bunch of small carrots,,x,,,,,,,,AZ,,,
13,2L,Deli Bar,,roasted red pepper spread,,1 jar,,,,,x,,,,,CA,TJ's,,
13,2L,Deli Bar,,jar of pesto that doesn't need to be refridgerated,,1 small jar,,,,,x,,,,,,,,
,,,,,,,,,,,,,,,,,,,
13,3D,,Pilaf,amaranth,,3 cups,,,,,x,,,,,CA,,,
13,3D,,Pilaf,onion,,2 large,,,x,,,,,,,,,,
13,3D,,Pilaf,garlic,,3 cloves,,,x,,,,,,,,Zuz's garden,,
13,3D,,Pilaf,sesame seeds,,3 tablespoons,,,,,x,,,,,CA,,,
13,3D,,Pilaf,ancho chili powder,,3 tablespoons,,,,,x,,,,,CA,,,
13,3D,,Pilaf,dried cilantro ,,1/4 cup,,,,,x,,,,,,Zuz's garden/dehydrator,,
13,3D,,Pilaf,kashi pilaf,,4 cups,,,,,x,,,,,CA,,,
13,3D,,Pilaf,ancho chile sauce (zuz will premake),,,x,,,,,,,,x,,,,
13,3D,,Pilaf,plantains,,6,,,,,x,,,,,CA,,,
13,3D,,Pilaf,oil for frying,,1/2 cup,,,,,,,,x,,,,,
13,3D,,Pilaf,sweet potatoes,,6,,,,,x,,,,,?,,,
13,3D,,Pilaf,oil,,1/4 cup,,,,,,,,x,,,,,
13,3D,,Pilaf,kale,,frozen bag (? size),x,,,,,,,,,?,,,
13,3D,,Pilaf,black beans,,3 cans,,,,,x,,,,,AZ,,,
13,3D,,Pilaf,pepitas,,1.5 cup,,,,,x,,,,,CA,,,
,,,,,,,,,,,,,,,,,,,
14,1B,Fast: Oatmeal,,oatmeal,,6 cups,,,,,x,,,,,CA,costco,,
14,1B,Fast: Oatmeal,,granola,,10 cups,,,,,x,,,,x,CA,,,
14,1B,Fast: Oatmeal,,cream of wheat,,2 cups,,,,,x,,,,,CA,,,
14,1B,Fast: Oatmeal,,almond milk,,1 qt,,,,,x,,,,,CA,costco,,
14,1B,Fast: Oatmeal,,"milk, dried  ",,2 qts dry,,,,,,,,x,,CA,,,
14,1B,Fast: Oatmeal,,yogurt,,1 32oz tub,,x,,,,,,,,AZ?,,,
14,1B,Fast: Oatmeal,,peanut butter,,8 oz,,,,,,,,x,,CA,costco,,
14,1B,Fast: Oatmeal,,nutella,,10 oz,,,,,,,,x,,CA,,,
14,1B,Fast: Oatmeal,,honey,,5 oz,,,,,,,,x,,CA,costco,,
14,1B,Fast: Oatmeal,,triscuits,,1 box,,,,,x,,,,,CA,costco?,,
14,1B,Fast: Oatmeal,,nutty/seedy crakers,,2 boxes,,,,,x,,,,,CA,costco,,
14,1B,Fast: Oatmeal,,almonds,,1/2  lb,,,,x,,,,,,CA,costco,,
14,1B,Fast: Oatmeal,,craisins,,12 oz,,,,,x,,,,,CA,costco,,
14,1B,Fast: Oatmeal,,coffee,,1/4 lb,,,,,,,,x,,CA,costco,,
14,1B,Fast: Oatmeal,,decaf coffee bag,,2 bags,,,,,,,,x,,CA,,,
14,1B,Fast: Oatmeal,,caffeinated tea,,4 bags,,,,,,,,x,,CA,,,
14,1B,Fast: Oatmeal,,herbal tea,,6 bags,,,,,,,,x,,CA,,,
14,1B,Fast: Oatmeal,,brown sugar,,2 cups,,,,,,,,x,,CA,,,
14,1B,Fast: Oatmeal,,"cinnamon, nutmeg",,3 tablespoons,,,,,,,,x,,CA,,,
14,1B,Fast: Oatmeal,,white sugar,,1/2 cup,,,,,,,,x,,CA,,,
,,,,,,,,,,,,,,,,,,,
14,2L,PB&J,,peanut butter,,32 oz,,,,,x,,,,,,,,
14,2L,PB&J,,almond butter,,16 oz,,,,,x,,,,,,,,
14,2L,PB&J,,jam,,32 oz,,x,,,,,,,,,,,
14,2L,PB&J,,sliced breads,,~32 slices,,,,,,x,,,,AZ,TJ's ?,,
14,2L,PB&J,,tortillas,,16,,,,,,,,,,,,,
14,2L,PB&J,,honey,,16 oz,,,,,,,,x,,,,,
14,2L,PB&J,,nutella,,8 oz,,,,,x,,,,,,,,
14,2L,PB&J,,oranges,,7,,,x,,,,,,,AZ,,,
14,2L,PB&J,,apples,,5,,,x,,,,,,,AZ,,,
14,2L,PB&J,,bags of chips (variety),,2,,,,,,,x,,,AZ,,,
14,2L,PB&J,,carrots,,12 carrots,,x,,,,,,,,AZ,,,
,,,,,,,,,,,,,,,,,,,
14,3D,,Ground Nut Stew,boxes of veggie stock (pre-frozen if possible),,2 32 oz boxes,x,,,,,,,,,CA,costco/TJ's,,"freeze ahead of time, and bring in van"
14,3D,,Ground Nut Stew,canola oil for cooking,,1/4 cup,,,,,,,,x,,CA,box,,
14,3D,,Ground Nut Stew,yellow onion,,3,,,x,,,,,,,CA,TJ's,,
14,3D,,Ground Nut Stew,cans of crushed tomatoes,,2 15 oz cans,,,,,x,,,,,CA,Costco/TJ's,,
14,3D,,Ground Nut Stew,hominy (canned),,~45 oz,,,,,x,,,,,CA,Baja Ranch,X,Ana's bringing
14,3D,,Ground Nut Stew,peanut butter,,2 cups,,,,,x,,,,,CA,Costco/TJ's,,
14,3D,,Ground Nut Stew,salt,,,,,,,,,,x,,CA,box,,
14,3D,,Ground Nut Stew,crushed red pepper flakes,,1 tbsp,,,,,,,,x,,CA,?,,
14,3D,,Ground Nut Stew,red bell peppers,,3,,x,,,,,,,,AZ,,,
14,3D,,Ground Nut Stew,garlic (fresh),,1 head,,,x,,,,,,,AZ,,,
14,3D,,Salad,iceberg lettuce,,1 head,,x,,,,,,,,AZ,,,
14,3D,,Salad,carrots,,2,,x,,,,,,,,AZ,,,
14,3D,,Salad,salad dressing (premade),,1.5 cups,,x,,,,,,,x,CA,,,
14,3D,,Salad,jicama,,1/2 of one,,x,,,,,,,,AZ,,,
14,3D,,Salad,cucumber,,2,,x,,,,,,,,AZ,,,
14,3D,,Salad,toasted almonds (unsalted),,2 cups,,,,,x,,,,,CA,TJ's,,
,,,,,,,,,,,,,,,,,,,
15,1B,Fast: Cereal,,triscuits,,1 box,,,,,x,,,,,CA,costco,,
15,1B,Fast: Cereal,,nutty/seedy crakers,,1 box,,,,,x,,,,,CA,costco,,
15,1B,Fast: Cereal,,peanut butter,,8 oz,,,,,,,,x,,CA,costco,,
15,1B,Fast: Cereal,,cereal,,15 cups,,,,,x,,,,,CA,costco,,
15,1B,Fast: Cereal,,granola,,5 cups,,,,,x,,,,x,CA,precooked,,
15,1B,Fast: Cereal,,milk dried ,,1 qt dry,,,,,,,,x,,CA,costco,,
15,1B,Fast: Cereal,,almond milk,,1 qt,,,,,x,,,,,CA,costco,,
15,1B,Fast: Cereal,,rice milk,,1 qt,,,,,x,,,,,CA,,,
15,1B,Fast: Cereal,,yogurt,,16 oz,,x,,,,,,,,AZ,,,
15,1B,Fast: Cereal,,craisins,,8 oz,,,,,x,,,,,CA,costco,,
15,1B,Fast: Cereal,,canned peaches,,2 29oz cans,,,,,,x,,,,AZ,,,
15,1B,Fast: Cereal,,yogurt,,1 large tub,x,,,,,,,,,CA,,,
15,1B,Fast: Cereal,,coffee,,1/4 lb,,,,,x,,,,,CA,costco,,
15,1B,Fast: Cereal,,decaf coffee bag,,2 bags,,,,,x,,,,,CA,,,
15,1B,Fast: Cereal,,caffeinated tea,,4 bags,,,,,x,,,,,CA,,,
15,1B,Fast: Cereal,,herbal tea,,6 bags,,,,,x,,,,,CA,,,
15,1B,Fast: Cereal,,white sugar,,1/2 cup,,,,,,,,x,,CA,,,
,,,,,,,,,,,,,,,,,,,
15,2L,PB&J,,peanut butter,,32 oz,,,,,x,,,,,,,,
15,2L,PB&J,,almond butter,,16 oz,,,,,x,,,,,,,,
15,2L,PB&J,,jam,,32 oz,,x,,,,,,,,,,,
15,2L,PB&J,,tortillas,,40,,,,,,x,,,,AZ,,,
15,2L,PB&J,,honey,,16 oz,,,,,,,,x,,,,,
15,2L,PB&J,,nutella,,8 oz,,,,,x,,,,,,,,
15,2L,PB&J,,oranges,,7,,,x,,,,,,,AZ,,,
15,2L,PB&J,,apples,,4,,,x,,,,,,,AZ,,,
15,2L,PB&J,,bags of chips (variety),,2,,,,,,,x,,,AZ,,,
15,2L,PB&J,,carrots,,12,,x,,,,,,,,AZ,,,
,,,,,,,,,,,,,,,,,,,
15,3D,,Chili,kidney beans (canned),,~60 oz,,,,,x,,,,,CA,costco/TJ's,,
15,3D,,Chili,pinto beans (canned),,~15 oz,,,,,x,,,,,CA,costco/TJ's,,
15,3D,,Chili,black beans (canned),,~45 oz,,,,,x,,,,,CA,costco/TJ's,,
15,3D,,Chili,hominy,,whatever's left over from ground nut stew on night 14,,x,,,,,,,,CA,baja ranch,x,ana's bringing.
15,3D,,Chili,fire roasted tomatoes (in cans),,~60 oz,,,,,x,,,,,CA,costco/TJ's,,
15,3D,,Chili,beer,,2 bottles,,,,,x,,,,,sara?,sara?,,
15,3D,,Chili,cocoa powder,,~1/4 cup?,,,,,,,,x,,CA,box,,
15,3D,,Chili,poblano peppers,,3,,x,,,,,,,,AZ,,,
15,3D,,Chili,red onion,,3,,,x,,,,,,,AZ,,,
15,3D,,Chili,carrot,,4,,x,,,,,,,,AZ,,,
15,3D,,Chili,"chili powder (spice blend, not too spicy)",,~1/2 cup,,,,,,,,x,,CA,?,,
15,3D,,Chili,cumin,,2 tbsp,,,,,,,,x,,CA,box,,
15,3D,,Chili,paprika,,1/4 cup,,,,,,,,x,,CA,box,,
15,3D,,Chili,"chipotle pepper (dried, ground)",,1/4 cup,,,,,,,,x,,CA,?,,
15,3D,,Chili,cheddar cheese,,16 oz,,x,,,,,,,,AZ,,,
15,3D,,Chili,sour cream or yogurt,,20 oz,,x,,,,,,,,AZ,,,
15,3D,,Chili,canned corn,,15 oz,,,,,x,,,,,CA,costco/TJ's,,
15,3D,,Cornbread,canned corn,,15 oz,,,,,x,,,,,CA,costco/TJ's,,
15,3D,,Cornbread,honey,,1/2 cup,,,,,,,,x,,box,,,
15,3D,,Cornbread,butter,,1/2 stick,,x,,,,,,,,AZ,,,
15,3D,,Cornbread,cornbread mix,,16 servings,,,,,x,,,,,premade,,,
15,3D,,Cornbread,egg replacer,,4 tbs,,x,,,,,,,,AZ,,,
15,3D,,Cornbread,yogurt (optional ingredient for cornbread),,2 cups,,x,,,,,,,,AZ,,,
15,3D,,Cabbage Carrot Salad,red cabbage (for salad),,1,,x,,,,,,,,AZ,,,
15,3D,,Cabbage Carrot Salad,carrots (for salad),,5 big carrots,,x,,,,,,,,AZ,,,
15,3D,,Cabbage Carrot Salad,raisins (for salad),,1 cup,,,,x,,,,,,CA,box,,
15,3D,,Cabbage Carrot Salad,salad dressing ,,1 cup,,x,,,,,,,x,make in ca,,,
15,3D,,Cabbage Carrot Salad,toasted almonds (for salad),,2 cups,,,,,x,,,,,CA,costco/TJ's,,
,,,,,,,,,,,,,,,,,,,
16,1B,Fast: Crackers,,triscuits,,1 box,,,,,x,,,,,CA,costco,,
16,1B,Fast: Crackers,,wheat thins,,1 box,,,,,x,,,,,CA,costco,,
16,1B,Fast: Crackers,,nutty/seedy crackers,,2 boxes,,,,,x,,,,,CA,costco,,
16,1B,Fast: Crackers,,pecans,,1/4 pound,,,,,x,,,,,CA,costco,,
16,1B,Fast: Crackers,,jam,,8 oz,,,,,,,,,,CA,costco,,
16,1B,Fast: Crackers,,peanut butter,,8 oz,,,,,,,,x,,CA,costco,,
16,1B,Fast: Crackers,,honey,,5 oz,,,,,,,,,,CA,costco,,
16,1B,Fast: Crackers,,veggie cream cheese,,250 g,,x,,,,,,,,AZ,,,
16,1B,Fast: Crackers,,cheddar cheese,,500 g,,x,,,,,,,,AZ,,,
16,1B,Fast: Crackers,,craisins,,8 oz,,,,,x,,,,,CA,costco,,
16,1B,Fast: Crackers,,coffee,,1/4 lb,,,,,,,,x,,CA,costco,,
16,1B,Fast: Crackers,,decaf coffee bag,,2 bags,,,,,,,,x,,CA,,,
16,1B,Fast: Crackers,,caffeinated tea,,4 bags,,,,,,,,x,,CA,,,
16,1B,Fast: Crackers,,herbal tea,,6 bags,,,,,,,,x,,CA,,,
16,1B,Fast: Crackers,,white sugar,,1/2 cup,,,,,,,,x,,CA,costco,,
,,,,,,,,,,,,,,,,,,,
,,,,,,,,,,,,,,,,,,,
,,,,,,,,,,,,,,,,,,,
,,,,,,,,,,,,,,,,,,,
,,,,APPETIZER IDEAS (not sure what days it makes sense to have these),,,,,,,,,,,,,,,
,,,,Baguette,,2,,,,,,,van (day 0),,,AZ,,,"serve on night 0, welcoming appetizer"
,,,,brie,,2 wedges,,x,,,,,,,,AZ,,,"serve on night 0, welcoming appetizer"
,,,,tomato,,4,,x,,,,,,,,az (or CA if from Zuz's garden!),New Frontiers Natural Marketplace (Flagstaff) or Zuz's garden,,"serve on night 0, welcoming appetizer"
,,,,basil,,1 big bunch,,x,,,,,,,,az (or CA if from Zuz's garden!),New Frontiers Natural Marketplace (Flagstaff) or Zuz's garden,,"serve on night 0, welcoming appetizer"
,,,,Veggie chips,,3-4 bags,,,,,x,,,,,CA,Costco/TJ,,
,,,,Crackers (stone-ground wheat or wheat thins),,2 L boxes,,,,,x,,,,,CA,Costco,,
,,,,Olive tapenade,,16 oz,,x,,,,,,,,CA,Costco??,,"this might be available at costco -- if it is, and they make us buy bulk, it wouldn't be the end of the world to put it on another night too!"
,,,,cream cheese,,16 oz,,x,,,,,,,,AZ,,,
,,,,Prosciutto (or salami),,2 pkg,,x,,,,,,,,AZ,,,
,,,,Chips,,2 L bags,,,,,x,,,,,CA,Costco,,
,,,,Salsa,,16 oz,,,,,x,,,,,CA,Costco,,
,,,,Carrot sticks,,4 L carrots,,,x,,,,,,,AZ,,,
,,,,Pita chips (or pita bread),,2 L bags,,,,,x,,,,,CA,Costco,,
,,,,Hummus,,L container,,x,,,,,,,,AZ,,,
,,,,Carrot sticks,,8 L carrots,,,x,,,,,,,AZ,,,
,,,,Crackers (wheat thins),,2 L boxes,,,,,x,,,,,CA,Costco,,
,,,,"Hard cheese (cheddar or swiss, preferably Dubliner cheddar!!) ",,1 lb,,x,,,,,,,,AZ,TJ/Safeway,,
,,,,Salami (sliced),,2 pkg,,x,,,,,,,,AZ,TJ,,
,,,,guava paste,,1 large round can,,,,,x,,,,,CA,Baja Ranch Market!,,
,,,,Crackers (wheat thins),,2 L boxes,,,,,x,,,,,CA,Costco,,
,,,,cream cheese,,16 oz,,x,,,,,,,,AZ,TJ,,
,,,,Pepper jelly,,16 oz,,,,,x,,,,,CA,TJ,,
,,,,,,,,,,,,,,,,,,,
,,,,SNACKS:,,,,,,,,,,,,,,,
,,,,popcorn,,128 popped cups,2 cups popped/person/day)* 4 days,,,,,,,,,,,,
,,,,Costco fruit and nut bag mix,,80 cups,1 cup/person/day* 5 days,,,,,,,,,,,,
,,,,"gold fish crackers, peanut butter pretzels",,80 cups,1 cup/person/day* 5 days,,,,,,,,,,,,
,,,,peanut m&m's--(1/2 cup per person per day)  =  1 day,,8 cups,1/2 cup/person/day* 1day,,,,,,,,,,,,
,,,,granola bars assortment (1 bar per person per day) = 5 days,,80 cups,1 bay/person/day* 5 days,,,,,,,,,,,,
,,,,sesame sticks,,48 cups,1 cup/person/3 days,,,,,,,,,,,,
,,,,wasabi or salty rice cracker trail mix,,32 cups,1 cup/person/2 days,,,,,,,,,,Costco,,
,,,,,,,,,,,,,,,,,,,
,,,,GATORADE Powder,,590 oz = 68 gallon equivalent,,,,,,,,,,CA,Costco,,(2.3 oz = 1 L)/person x 16 days -- we want to be able to make 68 gallons of gatorade
,,,,,,,,,,,,,,,,,,,
,,,,Extra Food (just in case someone's hungry),,,,,,,,,,,,,,,
,,,,annie's mac&cheese,,4 boxes,,,,,x,,,,,CA,,,
,,,,sustainably raised tuna,,6 cans,,,,,x,,,,,CA,,,
,,,,nutty hearty crackers,,3 boxes,,,,,x,,,,,CA,,,can pull these out on day 15 lunch if the tortillas
,,,,,,,,,,,,,,,,,,,
,,,,,,,,,,,,,,,,,,,
,,,,ALL BREAKFASTS INCLUDE:,,total amount,,,,,,,,,,,,,
,,,,coffee,,4.5 lbs,,,,,,,,x,,,,,
,,,,decaf coffee bags,,30 bags,,,,,,,,x,,,,,
,,,,caffeinated tea,,60 bags,,,,,,,,x,,,,,
,,,,herbal tea,,90 bags,,,,,,,,x,,,,,
,,,,white sugar,,7.5 cups,,,,,,,,x,,,,,
,,,,Peanut Butter,,140 oz,,,,,,,,x,,,,,
,,,,milk dried (see menus),,25 qt dried,,,,,,,,x,,,,,
,,,,,,,,,,,,,,,,,,,
,,,,,,,,,,,,,,,,,,,
,,,,ALL LUNCHES INCLUDE:,,,,,,,,,,,,,,,
,,,,,,,,,,,,,,,,,,,
,,,,,,,,,,,,,,,,,,,
,,,,,,,,,,,,,,,,,,,
,,,,,,,,,,,,,,,,,,,
,,,,,,,,,,,,,,,,,,,
,,,,,,,,,,,,,,,,,,,
,,,,CONDIMENTS /  OILS   etc,,,,,,,,,,,,,,,
,,,,Olive Oil,,,,,,,,,,x,,,,,
,,,,Vegtable Oil,,,,,,,,,,x,,,,,
,,,,Balsamic Vinagre,,,,,,,,,,x,,,,,
,,,,Tapatio,,,,,,,,,,x,,,,,
,,,,Siracha,,,,,,,,,,x,,,,,
,,,,white sugar,,,,,,,,,,x,,,,,
,,,,brown sugar,,,,,,,,,,x,,,,,
,,,,honey,,,,,,,,,,x,,,,,
,,,,Dijon Mustard,,,,,,,,,,x,,,,,
,,,,Honey Mustard,,,,,,,,,,x,,,,,
,,,,jam,,,,,,,,,,x,,,,,
,,,,nutella,,,,,,,,,,x,,,,,
,,,,egg replacer,,,,,,,,,,x,,,,,
,,,,,,,,,,,,,,,,,,,
,,,,,,,,,,,,,,,,,,,
,,,,,,,,,,,,,,,,,,,
,,,,SPICES & HERBS,,,,,,,,,,,,,,,
,,,,basil,,,,,,,,,,x,,,,,
,,,,cinnamon,,,,,,,,,,x,,,,,
,,,,cumin,,,,,,,,,,x,,,,,
,,,,garlic powder,,,,,,,,,,x,,,,,
,,,,powdered ginger,,,,,,,,,,x,,,,,
,,,,thyme,,,,,,,,,,x,,,,,
,,,,Italian seasoning,,,,,,,,,,x,,,,,
,,,,nutmeg,,,,,,,,,,x,,,,,
,,,,pepper black,,,,,,,,,,x,,,,,
,,,,salt,,,,,,,,,,x,,,,,
,,,,chili powder,,,,,,,,,,x,,,,,
,,,,paprika,,,,,,,,,,x,,,,,
,,,,cocoa powder,,,,,,,,,,x,,,,,
,,,,"chipotle pepper (dried, ground)",,,,,,,,,,x,,,,,
,,,,crushed red pepper,,,,,,,,,,x,,,,,
,,,,coriander,,,,,,,,,,x,,,,,
,,,,turmeric,,,,,,,,,,x,,,,,
,,,,garam masala powder,,,,,,,,,,x,,,,,